,ID,N_VICTIMAS,FECHA,AAAA,MM,DD,HORA,HH,TIPO_DE_CALLE,COMUNA,pos x,pos y,PARTICIPANTES,VICTIMA,ACUSADO
0,2016-0001,1,2016-01-01,2016,1,1,04:00:00,4.0,avenida,8,-58.47533969,-34.68757022,moto-auto,moto,auto
1,2016-0002,1,2016-01-02,2016,1,2,01:15:00,1.0,gral paz,9,-58.50877521,-34.66977709,auto-pasajeros,auto,pasajeros
2,2016-0003,1,2016-01-03,2016,1,3,07:00:00,7.0,avenida,1,-58.39040293,-34.63189362,moto-auto,moto,auto
3,2016-0004,1,2016-01-10,2016,1,10,00:00:00,0.0,avenida,8,-58.46503904,-34.68092974,moto-sd,moto,
4,2016-0005,1,2016-01-21,2016,1,21,05:20:00,5.0,avenida,1,-58.38718297,-34.62246630,moto-pasajeros,moto,pasajeros
5,2016-0008,1,2016-01-24,2016,1,24,18:30:00,18.0,avenida,8,-58.44451316,-34.68475866,moto-objeto fijo,moto,objeto fijo
6,2016-0009,1,2016-01-24,2016,1,24,19:10:00,19.0,calle,11,-58.50095869,-34.60825440,moto-auto,moto,auto
7,2016-0010,1,2016-01-29,2016,1,29,15:20:00,15.0,gral paz,9,-58.50877521,-34.66977709,moto-auto,moto,auto
8,2016-0012,1,2016-02-08,2016,2,8,01:20:00,1.0,avenida,1,-58.38048577,-34.61303893,moto-cargas,moto,cargas
9,2016-0013,1,2016-02-10,2016,2,10,11:30:00,11.0,avenida,1,-58.39114932,-34.62477387,peaton-auto,peaton,auto
10,2016-0015,1,2016-02-14,2016,2,14,05:14:00,5.0,avenida,15,-58.43760020,-34.59912758,peaton-auto,peaton,auto
11,2016-0016,1,2016-02-14,2016,2,14,22:00:00,22.0,avenida,4,-58.36882665,-34.64291993,moto-auto,moto,auto
12,2016-0017,1,2016-02-15,2016,2,15,16:54:00,16.0,avenida,8,-58.44989671,-34.65970435,peaton-moto,peaton,moto
13,2016-0019,1,2016-02-17,2016,2,17,09:30:00,9.0,calle,9,-58.50990884,-34.65468721,peaton-pasajeros,peaton,pasajeros
14,2016-0020,1,2016-02-17,2016,2,17,16:00:00,16.0,calle,1,-58.37952223,-34.60653282,peaton-auto,peaton,auto
15,2016-0021,1,2016-02-17,2016,2,17,23:35:00,23.0,avenida,7,-58.45157703,-34.63063795,auto-auto,auto,auto
16,2016-0022,1,2016-02-21,2016,2,21,06:00:00,6.0,avenida,1,-58.38144696,-34.61079875,moto-auto,moto,auto
17,2016-0025,1,2016-02-28,2016,2,28,04:50:00,4.0,gral paz,8,-58.46244952,-34.70524971,auto-auto,auto,auto
18,2016-0026,1,2016-02-28,2016,2,28,07:30:00,7.0,calle,12,-58.49216191,-34.54738649,auto-objeto fijo,auto,objeto fijo
19,2016-0027,1,2016-02-28,2016,2,28,09:35:00,9.0,avenida,7,-58.44497874,-34.63852623,auto-auto,auto,auto
20,2016-0028,1,2016-03-02,2016,3,2,10:00:00,10.0,avenida,1,-58.38199706,-34.60028648,peaton-cargas,peaton,cargas
21,2016-0029,1,2016-03-04,2016,3,4,17:30:00,17.0,avenida,12,-58.47378664,-34.54153077,peaton-pasajeros,peaton,pasajeros
22,2016-0031,1,2016-03-08,2016,3,8,12:30:00,12.0,gral paz,8,-58.47064556,-34.69843756,moto-pasajeros,moto,pasajeros
23,2016-0034,1,2016-03-12,2016,3,12,12:30:00,12.0,avenida,4,-58.40623949,-34.65076549,peaton-pasajeros,peaton,pasajeros
24,2016-0035,1,2016-03-13,2016,3,13,06:00:00,6.0,avenida,3,-58.39228965,-34.60443527,moto-pasajeros,moto,pasajeros
25,2016-0036,1,2016-03-14,2016,3,14,00:15:00,0.0,calle,4,-58.37813396,-34.63668504,moto-pasajeros,moto,pasajeros
26,2016-0037,1,2016-03-19,2016,3,19,11:00:00,11.0,avenida,7,-58.46275892,-34.64358293,moto-moto,moto,moto
27,2016-0038,1,2016-03-21,2016,3,21,08:06:00,8.0,gral paz,8,-58.49683458,-34.67892743,peaton-pasajeros,peaton,pasajeros
28,2016-0039,1,2016-03-23,2016,3,23,01:50:00,1.0,avenida,3,-58.40603217,-34.60883960,moto-pasajeros,moto,pasajeros
29,2016-0041,2,2016-03-29,2016,3,29,11:00:00,11.0,avenida,7,-58.46076550,-34.63350444,moto-cargas,moto,cargas
30,2016-0043,1,2016-03-30,2016,3,30,18:15:00,18.0,avenida,8,-58.47832463,-34.67494416,peaton-cargas,peaton,cargas
31,2016-0044,1,2016-03-31,2016,3,31,19:40:00,19.0,avenida,7,-58.43213235,-34.63693953,multiple,moto,multiple
32,2016-0045,1,2016-04-11,2016,4,11,10:25:00,10.0,gral paz,13,-58.46743471,-34.53476874,moto-sd,moto,
33,2016-0047,1,2016-04-15,2016,4,15,05:30:00,5.0,calle,1,-58.38247061,-34.62571878,peaton-pasajeros,peaton,pasajeros
34,2016-0048,1,2016-04-15,2016,4,15,17:40:00,17.0,avenida,15,-58.44759966,-34.59170240,peaton-pasajeros,peaton,pasajeros
35,2016-0049,1,2016-04-17,2016,4,17,00:00:00,0.0,autopista,4,-58.37714647568196,-34.63657525428238,,,
36,2016-0050,1,2016-04-19,2016,4,19,09:50:00,9.0,avenida,8,-58.47305463,-34.68550712,peaton-pasajeros,peaton,pasajeros
37,2016-0051,1,2016-04-20,2016,4,20,04:00:00,4.0,avenida,4,-58.40623949,-34.65076549,moto-cargas,moto,cargas
38,2016-0052,1,2016-04-20,2016,4,20,20:00:00,20.0,autopista,13,-58.42098,-34.558958,moto-sd,moto,
39,2016-0053,1,2016-04-22,2016,4,22,09:30:00,9.0,avenida,12,-58.48429180,-34.57558053,peaton-pasajeros,peaton,pasajeros
40,2016-0054,1,2016-04-23,2016,4,23,21:00:00,21.0,autopista,8,-58.48695354,-34.68795245,moto-moto,moto,moto
41,2016-0055,1,2016-04-25,2016,4,25,20:30:00,20.0,avenida,14,-58.40021959,-34.57964781,peaton-cargas,peaton,cargas
42,2016-0056,1,2016-04-26,2016,4,26,04:45:00,4.0,avenida,14,-58.42957885,-34.57660058,moto-objeto fijo,moto,objeto fijo
43,2016-0058,1,2016-05-04,2016,5,4,14:00:00,14.0,calle,1,-58.38247542,-34.62556293,peaton-moto,peaton,moto
44,2016-0059,1,2016-05-08,2016,5,8,16:30:00,16.0,calle,1,-58.38222219,-34.62728101,peaton-pasajeros,peaton,pasajeros
45,2016-0064,1,2016-05-14,2016,5,14,18:11:00,18.0,avenida,10,-58.49485242,-34.62953445,peaton-pasajeros,peaton,pasajeros
46,2016-0065,1,2016-05-20,2016,5,20,14:40:00,14.0,avenida,6,-58.45227946,-34.61068024,peaton-auto,peaton,auto
47,2016-0067,1,2016-05-21,2016,5,21,17:00:00,17.0,avenida,8,-58.48455411,-34.67512760,moto-pasajeros,moto,pasajeros
48,2016-0068,1,2016-05-22,2016,5,22,22:00:00,22.0,avenida,2,-58.39056593,-34.58418569,moto-pasajeros,moto,pasajeros
49,2016-0069,1,2016-05-23,2016,5,23,03:30:00,3.0,avenida,3,-58.39118948,-34.62704273,auto-cargas,auto,cargas
50,2016-0073,1,2016-06-11,2016,6,11,15:00:00,15.0,calle,10,-58.49021952,-34.62025108,moto-cargas,moto,cargas
51,2016-0074,1,2016-06-12,2016,6,12,06:40:00,6.0,gral paz,8,-58.49896559,-34.67732118,auto-auto,auto,auto
52,2016-0075,1,2016-06-12,2016,6,12,23:13:00,23.0,autopista,8,-58.47461076,-34.66874679,peaton-auto,peaton,auto
53,2016-0076,1,2016-06-13,2016,6,13,16:20:00,16.0,avenida,15,-58.46210891,-34.60356211,peaton-pasajeros,peaton,pasajeros
54,2016-0077,1,2016-06-13,2016,6,13,21:52:00,21.0,avenida,1,-58.37027770,-34.60536123,peaton-pasajeros,peaton,pasajeros
55,2016-0078,1,2016-06-13,2016,6,13,23:01:00,23.0,avenida,3,-58.40491455,-34.61463830,moto-moto,moto,moto
56,2016-0079,1,2016-06-16,2016,6,16,17:13:00,17.0,avenida,13,-58.45504154,-34.54864492,auto-auto,auto,auto
57,2016-0080,1,2016-06-18,2016,6,18,06:42:00,6.0,gral paz,9,-58.52927982,-34.63931752,auto-sd,auto,
58,2016-0081,1,2016-06-22,2016,6,22,07:42:00,7.0,avenida,12,-58.48721060,-34.55904606,moto-auto,moto,auto
59,2016-0082,1,2016-06-27,2016,6,27,18:24:00,18.0,avenida,4,-58.42273092,-34.64228803,peaton-auto,peaton,auto
60,2016-0083,1,2016-06-28,2016,6,28,20:46:00,20.0,avenida,6,-58.44788671,-34.62539009,peaton-moto,peaton,moto
61,2016-0084,1,2016-06-29,2016,6,29,22:00:00,22.0,calle,1,-58.38110563,-34.60135531,peaton-pasajeros,peaton,pasajeros
62,2016-0085,1,2016-06-29,2016,6,29,22:00:00,22.0,avenida,4,-58.42378834,-34.65734100,moto-movil,moto,otro
63,2016-0086,1,2016-06-30,2016,6,30,16:10:00,16.0,avenida,10,-58.48727942,-34.63652467,peaton-pasajeros,peaton,pasajeros
64,2016-0087,1,2016-07-02,2016,7,3,00:10:00,0.0,autopista,1,-58.37864583,-34.62907067,moto-objeto fijo,moto,objeto fijo
65,2016-0088,1,2016-07-11,2016,7,11,15:30:00,15.0,calle,12,-58.50151750,-34.56767549,peaton-auto,peaton,auto
66,2016-0089,1,2016-07-14,2016,7,14,06:40:00,6.0,autopista,13,-58.43233425,-34.55185825,peaton-auto,peaton,auto
67,2016-0090,1,2016-07-14,2016,7,14,22:00:00,22.0,avenida,5,-58.41971993,-34.61112240,peaton-pasajeros,peaton,pasajeros
68,2016-0092,1,2016-07-15,2016,7,15,11:00:00,11.0,gral paz,13,-58.46743471,-34.53476874,moto-cargas,moto,cargas
69,2016-0093,1,2016-07-17,2016,7,17,03:30:00,3.0,avenida,6,-58.44362126,-34.62301748,auto-auto,auto,auto
70,2016-0095,1,2016-07-23,2016,7,23,06:12:00,6.0,avenida,11,-58.51713095,-34.59546519,moto-auto,moto,auto
71,2016-0096,1,2016-07-25,2016,7,25,07:00:00,7.0,autopista,8,-58.47433193007387,-34.66684950051973,moto-cargas,moto,cargas
72,2016-0097,1,2016-07-26,2016,7,26,18:45:00,18.0,calle,1,-58.39038605,-34.61562810,peaton-auto,peaton,auto
73,2016-0098,1,2016-07-27,2016,7,27,16:08:00,16.0,avenida,3,-58.40042405,-34.62356174,moto-cargas,moto,cargas
74,2016-0099,1,2016-07-29,2016,7,29,16:00:00,16.0,gral paz,11,-58.52340614,-34.59798754,cargas-cargas,cargas,cargas
75,2016-0100,1,2016-08-03,2016,8,3,23:27:00,23.0,gral paz,12,-58.49491054,-34.54795581,moto-objeto fijo,moto,objeto fijo
76,2016-0101,1,2016-08-07,2016,8,7,19:42:00,19.0,gral paz,9,-58.52932872,-34.65014993,,,
77,2016-0102,1,2016-08-10,2016,8,10,23:37:00,23.0,avenida,9,-58.50011639,-34.67316502,moto-cargas,moto,cargas
78,2016-0104,1,2016-08-14,2016,8,14,21:15:00,21.0,avenida,9,-58.46635001,-34.65624369,moto-pasajeros,moto,pasajeros
79,2016-0105,1,2016-08-17,2016,8,17,00:05:00,0.0,avenida,15,-58.45343236,-34.58435809,peaton-pasajeros,peaton,pasajeros
80,2016-0106,1,2016-08-19,2016,8,19,21:02:00,21.0,avenida,1,-58.38090932,-34.58927731,peaton-pasajeros,peaton,pasajeros
81,2016-0107,1,2016-08-20,2016,8,20,08:22:00,8.0,autopista,4,-58.37157668,-34.65429986,moto-auto,moto,auto
82,2016-0109,1,2016-08-24,2016,8,24,05:45:00,5.0,autopista,9,-58.52280139,-34.63659934,auto-objeto fijo,auto,objeto fijo
83,2016-0110,1,2016-08-24,2016,8,24,20:21:00,20.0,avenida,9,-58.51232237,-34.65903530,peaton-sd,peaton,
84,2016-0111,1,2016-08-25,2016,8,25,09:30:00,9.0,autopista,15,-58.47461905,-34.57663634,moto-cargas,moto,cargas
85,2016-0112,1,2016-08-27,2016,8,27,04:40:00,4.0,autopista,1,-58.38268809,-34.62282019,moto-objeto fijo,moto,objeto fijo
86,2016-0113,1,2016-08-27,2016,8,27,16:45:00,16.0,avenida,9,-58.49603546,-34.64564271,peaton-pasajeros,peaton,pasajeros
87,2016-0114,1,2016-08-31,2016,8,31,11:20:00,11.0,calle,14,-58.41848605,-34.59394733,bicicleta-cargas,bicicleta,cargas
88,2016-0115,1,2016-09-02,2016,9,2,11:50:00,11.0,calle,12,-58.48935041,-34.54917673,sd-cargas,,cargas
89,2016-0116,1,2016-09-02,2016,9,2,20:20:00,20.0,avenida,8,-58.44451316,-34.68475866,moto-auto,moto,auto
90,2016-0117,1,2016-09-03,2016,9,3,15:30:00,15.0,avenida,14,-58.39936478,-34.58271474,auto-auto,auto,auto
91,2016-0118,1,2016-09-04,2016,9,4,03:30:00,3.0,autopista,1,-58.37936704,-34.62694503,auto-auto,auto,auto
92,2016-0119,1,2016-09-04,2016,9,4,06:40:00,6.0,avenida,12,-58.49659234,-34.56353635,,,
93,2016-0122,1,2016-09-13,2016,9,13,07:10:00,7.0,avenida,9,-58.47256391,-34.65194557,bicicleta-pasajeros,bicicleta,pasajeros
94,2016-0123,1,2016-09-14,2016,9,14,09:00:00,9.0,avenida,7,-58.45130953,-34.64053676,moto-auto,moto,auto
95,2016-0124,1,2016-09-16,2016,9,16,15:24:00,15.0,avenida,7,-58.46271207,-34.62884871,peaton-pasajeros,peaton,pasajeros
96,2016-0125,1,2016-09-17,2016,9,17,12:14:00,12.0,autopista,10,-58.49020869,-34.64243791,moto-moto,moto,moto
97,2016-0126,2,2016-09-18,2016,9,18,22:45:00,22.0,calle,10,-58.52572109,-34.62125906,auto-cargas,auto,cargas
98,2016-0127,1,2016-09-24,2016,9,24,10:25:00,10.0,avenida,8,-58.44094791,-34.66677111,peaton-pasajeros,peaton,pasajeros
99,2016-0128,1,2016-10-02,2016,10,2,11:30:00,11.0,avenida,5,-58.41914024,-34.63053890,peaton-pasajeros,peaton,pasajeros
100,2016-0130,1,2016-10-04,2016,10,4,12:30:00,12.0,autopista,1,-58.37910942,-34.62764717,moto-cargas,moto,cargas
101,2016-0131,1,2016-10-09,2016,10,9,19:13:00,19.0,calle,4,-58.39871183,-34.64539318,peaton-auto,peaton,auto
102,2016-0132,1,2016-10-10,2016,10,10,02:30:00,2.0,avenida,3,-58.41036975,-34.62477021,auto-pasajeros,auto,pasajeros
103,2016-0133,1,2016-10-14,2016,10,14,00:05:00,0.0,avenida,14,-58.40204698,-34.58342690,moto-auto,moto,auto
104,2016-0134,1,2016-10-23,2016,10,23,05:00:00,5.0,avenida,8,-58.48935287,-34.67648597,moto-objeto fijo,moto,objeto fijo
105,2016-0135,1,2016-10-24,2016,10,24,05:00:00,5.0,avenida,14,-58.42260225,-34.56403694,peaton-sd,peaton,
106,2016-0136,1,2016-10-25,2016,10,25,00:00:00,0.0,autopista,4,-58.166024,-34.77207,moto-cargas,moto,cargas
107,2016-0137,1,2016-10-25,2016,10,25,00:39:00,0.0,avenida,11,-58.51537091,-34.59035925,moto-moto,moto,moto
108,2016-0138,1,2016-10-27,2016,10,27,20:30:00,20.0,avenida,13,-58.45909670,-34.55922742,bicicleta-cargas,bicicleta,cargas
109,2016-0139,1,2016-10-28,2016,10,28,23:00:00,23.0,avenida,14,-58.42008769,-34.56539579,moto-moto,moto,moto
110,2016-0140,1,2016-10-31,2016,10,31,02:58:00,2.0,avenida,13,-58.45566399,-34.56147293,pasajeros-pasajeros,pasajeros,pasajeros
111,2016-0142,1,2016-11-05,2016,11,5,23:30:00,23.0,avenida,1,-58.37533517,-34.59276462,moto-pasajeros,moto,pasajeros
112,2016-0143,1,2016-11-06,2016,11,6,04:41:00,4.0,avenida,8,-58.44451316,-34.68475866,moto-sd,moto,
113,2016-0144,1,2016-11-07,2016,11,7,12:10:00,12.0,avenida,4,-58.35975012,-34.63343907,peaton-pasajeros,peaton,pasajeros
114,2016-0145,1,2016-11-07,2016,11,7,20:56:00,20.0,avenida,13,-58.44523595,-34.55953855,moto-auto,moto,auto
115,2016-0146,1,2016-11-09,2016,11,9,20:00:00,20.0,avenida,4,-58.39626094,-34.63036565,peaton-pasajeros,peaton,pasajeros
116,2016-0147,1,2016-11-16,2016,11,16,21:15:00,21.0,avenida,1,-58.38896772,-34.61799615,movil-pasajeros,movil,pasajeros
117,2016-0148,1,2016-11-16,2016,11,16,22:20:00,22.0,avenida,15,-58.46536113,-34.59484504,moto-moto,moto,moto
118,2016-0150,1,2016-11-18,2016,11,18,18:20:00,18.0,avenida,4,-58.40879146,-34.65273216,cargas-cargas,cargas,cargas
119,2016-0152,1,2016-11-23,2016,11,23,21:10:00,21.0,avenida,7,-58.46451841,-34.64991946,moto-auto,moto,auto
120,2016-0153,1,2016-11-25,2016,11,25,15:42:00,15.0,avenida,15,-58.42917090,-34.59485488,peaton-moto,peaton,moto
121,2016-0154,1,2016-11-26,2016,11,26,14:14:00,14.0,gral paz,8,-58.49007772,-34.68251141,moto-moto,moto,moto
122,2016-0155,1,2016-11-26,2016,11,26,16:50:00,16.0,calle,10,-58.52756365,-34.62772274,peaton-auto,peaton,auto
123,2016-0156,1,2016-11-26,2016,11,26,19:40:00,19.0,avenida,3,-58.40638983,-34.61943202,moto-pasajeros,moto,pasajeros
124,2016-0157,1,2016-12-03,2016,12,3,06:40:00,6.0,avenida,11,-58.47576807,-34.61740997,moto-moto,moto,moto
125,2016-0159,1,2016-12-04,2016,12,4,07:21:00,7.0,avenida,8,-58.44451316,-34.68475866,auto-sd,auto,
126,2016-0160,1,2016-12-06,2016,12,6,05:30:00,5.0,autopista,9,-58.51927194,-34.63635787,cargas-objeto fijo,cargas,objeto fijo
127,2016-0161,1,2016-12-06,2016,12,6,07:22:00,7.0,avenida,14,-58.42525456,-34.57866344,peaton-pasajeros,peaton,pasajeros
128,2016-0162,1,2016-12-07,2016,12,7,05:00:00,5.0,avenida,15,-58.45396573,-34.58518167,peaton-auto,peaton,auto
129,2016-0163,1,2016-12-10,2016,12,10,07:30:00,7.0,gral paz,11,-58.52340614,-34.59798754,moto-auto,moto,auto
130,2016-0164,1,2016-12-11,2016,12,11,06:16:00,6.0,avenida,4,-58.42323628,-34.64119105,auto-auto,auto,auto
131,2016-0165,1,2016-12-12,2016,12,12,08:25:00,8.0,avenida,4,-58.36926144,-34.62841919,bicicleta-pasajeros,bicicleta,pasajeros
132,2016-0168,1,2016-12-13,2016,12,13,10:40:00,10.0,avenida,4,-58.42323628,-34.64119105,moto-auto,moto,auto
133,2016-0169,1,2016-12-15,2016,12,15,15:30:00,15.0,avenida,12,-58.47935434,-34.55676497,moto-pasajeros,moto,pasajeros
134,2016-0170,1,2016-12-19,2016,12,19,17:10:00,17.0,gral paz,12,-58.50598256,-34.56379980,moto-auto,moto,auto
135,2016-0171,1,2016-12-25,2016,12,25,19:00:00,19.0,autopista,1,-58.36607137,-34.62150748,moto-moto,moto,moto
136,2016-0172,1,2016-12-26,2016,12,26,08:00:00,8.0,avenida,5,-58.41918902,-34.63174259,moto-cargas,moto,cargas
137,2016-0173,1,2016-12-26,2016,12,26,19:52:00,19.0,avenida,7,-58.46749188,-34.63551751,moto-cargas,moto,cargas
138,2016-0174,1,2016-12-27,2016,12,27,00:00:00,0.0,autopista,3,-58.374269,-34.622955,,,
139,2016-0175,1,2016-12-27,2016,12,27,08:15:00,8.0,calle,7,-58.46064174,-34.62960517,peaton-bicicleta,peaton,bicicleta
140,2016-0176,1,2016-12-28,2016,12,28,01:41:00,1.0,avenida,1,-58.36956186,-34.61232875,moto-pasajeros,moto,pasajeros
141,2016-0177,1,2016-12-29,2016,12,29,04:00:00,4.0,calle,14,-58.40966671,-34.58788235,peaton-auto,peaton,auto
142,2016-0178,1,2016-12-30,2016,12,30,16:18:00,16.0,calle,3,-58.40288226,-34.61544091,multiple,peaton,multiple
143,2017-0001,1,2017-01-02,2017,1,2,01:00:00,1.0,avenida,11,-58.46594230,-34.61028571,moto-cargas,moto,cargas
144,2017-0003,1,2017-01-05,2017,1,5,03:10:00,3.0,avenida,4,-58.38957669,-34.64410277,cargas-cargas,cargas,cargas
145,2017-0007,1,2017-01-11,2017,1,11,17:00:00,17.0,calle,1,-58.38161660,-34.61529543,multiple,peaton,multiple
146,2017-0008,1,2017-01-16,2017,1,16,00:40:00,0.0,calle,14,-58.43917004,-34.58494351,moto-pasajeros,moto,pasajeros
147,2017-0009,1,2017-01-16,2017,1,16,13:56:00,13.0,autopista,5,-58.41595919,-34.62743346,moto-cargas,moto,cargas
148,2017-0010,1,2017-01-16,2017,1,16,16:30:00,16.0,avenida,6,-58.43564880,-34.62828656,moto-auto,moto,auto
149,2017-0011,1,2017-01-22,2017,1,22,02:30:00,2.0,gral paz,12,-58.50073810,-34.54979510,moto-objeto fijo,moto,objeto fijo
150,2017-0012,1,2017-01-24,2017,1,24,14:00:00,14.0,calle,4,-58.40969005,-34.65055290,moto-cargas,moto,cargas
151,2017-0013,1,2017-01-27,2017,1,27,07:00:00,7.0,avenida,4,-58.38972622,-34.65098981,peaton-cargas,peaton,cargas
152,2017-0014,1,2017-01-28,2017,1,28,08:27:34,8.0,avenida,12,-58.49185972,-34.55046754,multiple,moto,multiple
153,2017-0015,1,2017-02-02,2017,2,2,15:18:03,15.0,avenida,2,-58.39293417,-34.59963642,peaton-auto,peaton,auto
154,2017-0016,1,2017-02-03,2017,2,3,05:12:21,5.0,autopista,1,-58.38099494,-34.62288231,moto-cargas,moto,cargas
155,2017-0017,1,2017-02-06,2017,2,6,08:00:00,8.0,avenida,14,-58.42901200,-34.58095431,moto-auto,moto,auto
156,2017-0018,1,2017-02-09,2017,2,9,07:00:00,7.0,gral paz,9,-58.50877521,-34.66977709,moto-auto,moto,auto
157,2017-0021,1,2017-02-18,2017,2,18,05:30:00,5.0,calle,1,-58.38362373,-34.60509972,moto-pasajeros,moto,pasajeros
158,2017-0024,1,2017-02-23,2017,2,23,20:50:00,20.0,avenida,7,-58.46589308,-34.62955795,peaton-pasajeros,peaton,pasajeros
159,2017-0025,1,2017-02-24,2017,2,24,17:05:00,17.0,avenida,7,-58.43614426,-34.65424640,moto-sd,moto,
160,2017-0026,2,2017-02-26,2017,2,26,05:15:00,5.0,avenida,4,-58.41842777,-34.64979057,auto-objeto fijo,auto,objeto fijo
161,2017-0027,1,2017-02-26,2017,2,26,21:57:00,21.0,avenida,1,-58.38332245,-34.63193250,peaton-auto,peaton,auto
162,2017-0028,1,2017-02-28,2017,2,28,09:20:00,9.0,avenida,6,-58.45475488,-34.61196327,peaton-auto,peaton,auto
163,2017-0029,1,2017-03-07,2017,3,7,02:15:00,2.0,calle,9,-58.48501341,-34.64742455,sd-auto,,auto
164,2017-0030,1,2017-03-07,2017,3,7,08:00:00,8.0,avenida,9,-58.47010988,-34.65872088,auto-pasajeros,auto,pasajeros
165,2017-0031,1,2017-03-11,2017,3,11,01:30:00,1.0,calle,3,-58.40997560,-34.62873635,auto-objeto fijo,auto,objeto fijo
166,2017-0032,1,2017-03-12,2017,3,12,05:00:00,5.0,gral paz,8,-58.48892175,-34.68359163,auto-auto,auto,auto
167,2017-0033,1,2017-03-12,2017,3,12,07:30:00,7.0,gral paz,11,-58.52466448,-34.60325478,auto-auto,auto,auto
168,2017-0034,1,2017-03-13,2017,3,13,07:50:00,7.0,calle,14,-58.42554218,-34.57929036,peaton-auto,peaton,auto
169,2017-0035,3,2017-03-23,2017,3,23,05:00:00,5.0,avenida,1,-58.35881506,-34.61113641,auto-objeto fijo,auto,objeto fijo
170,2017-0036,2,2017-03-29,2017,3,29,18:00:00,18.0,gral paz,12,-58.51452347,-34.58159762,moto-pasajeros,moto,pasajeros
171,2017-0037,1,2017-03-31,2017,3,31,03:00:00,3.0,avenida,1,-58.38896772,-34.61799615,moto-cargas,moto,cargas
172,2017-0038,1,2017-04-01,2017,4,1,19:00:00,19.0,avenida,7,-58.44516857,-34.64363363,moto-auto,moto,auto
173,2017-0040,1,2017-04-03,2017,4,3,09:40:00,9.0,avenida,13,-58.43834197,-34.54560369,multiple,auto,multiple
174,2017-0041,1,2017-04-03,2017,4,3,23:15:00,23.0,calle,7,-58.45485084,-34.63531854,moto-auto,moto,auto
175,2017-0042,1,2017-04-10,2017,4,10,09:00:00,9.0,gral paz,14,-58.42098,-34.558958,moto-cargas,moto,cargas
176,2017-0045,1,2017-04-14,2017,4,14,06:15:00,6.0,calle,10,-58.52449285,-34.62454175,moto-objeto fijo,moto,objeto fijo
177,2017-0047,1,2017-04-23,2017,4,23,06:30:00,6.0,avenida,8,-58.46713742,-34.67198790,moto-auto,moto,auto
178,2017-0049,1,2017-04-27,2017,4,27,18:16:00,18.0,avenida,8,-58.43850413,-34.65554754,peaton-pasajeros,peaton,pasajeros
179,2017-0050,2,2017-04-28,2017,4,28,11:08:08,11.0,autopista,9,-58.481927,-34.647139,moto-cargas,moto,cargas
180,2017-0051,1,2017-05-01,2017,5,1,03:47:47,3.0,autopista,7,-58.475612,-34.66794,auto-auto,auto,auto
181,2017-0052,1,2017-05-05,2017,5,5,03:40:00,3.0,gral paz,8,-58.49413799,-34.68095739,peaton-cargas,peaton,cargas
182,2017-0053,1,2017-05-05,2017,5,5,20:16:22,20.0,calle,4,-58.37547846,-34.65326075,moto-cargas,moto,cargas
183,2017-0054,1,2017-05-07,2017,5,7,21:00:00,21.0,avenida,15,-58.48680218,-34.58689719,moto-auto,moto,auto
184,2017-0055,1,2017-05-09,2017,5,9,08:30:00,8.0,avenida,12,-58.49563989,-34.57962262,auto-auto,auto,auto
185,2017-0058,1,2017-05-09,2017,5,9,23:10:00,23.0,avenida,1,-58.38403232,-34.59915940,peaton-moto,peaton,moto
186,2017-0059,1,2017-05-11,2017,5,11,09:24:00,9.0,calle,1,-58.38223382,-34.62693865,peaton-pasajeros,peaton,pasajeros
187,2017-0060,1,2017-05-13,2017,5,13,07:20:00,7.0,avenida,8,-58.45966521,-34.67323292,moto-objeto fijo,moto,objeto fijo
188,2017-0061,1,2017-05-15,2017,5,15,13:29:30,13.0,avenida,2,-58.39303911,-34.59871111,peaton-moto,peaton,moto
189,2017-0062,1,2017-05-15,2017,5,15,16:00:00,16.0,avenida,10,-58.51262106,-34.63395999,moto-cargas,moto,cargas
190,2017-0063,1,2017-05-17,2017,5,17,10:13:00,10.0,avenida,1,-58.38118367,-34.61646839,peaton-pasajeros,peaton,pasajeros
191,2017-0064,1,2017-05-20,2017,5,20,05:00:00,5.0,calle,1,-58.37653284,-34.60582475,cargas-auto,cargas,auto
192,2017-0065,1,2017-05-22,2017,5,22,16:00:00,16.0,avenida,4,-58.37709334,-34.64035082,bicicleta-cargas,bicicleta,cargas
193,2017-0066,1,2017-05-22,2017,5,22,18:10:00,18.0,avenida,15,-58.46002142,-34.60409469,peaton-pasajeros,peaton,pasajeros
194,2017-0067,1,2017-05-23,2017,5,23,02:45:00,2.0,avenida,6,-58.43381970,-34.62801894,moto-cargas,moto,cargas
195,2017-0068,1,2017-05-27,2017,5,27,19:50:00,19.0,avenida,8,-58.43580656,-34.66437532,moto-objeto fijo,moto,objeto fijo
196,2017-0069,1,2017-05-24,2017,5,24,14:15:00,14.0,gral paz,9,-58.52173071,-34.65997463,moto-sd,moto,
197,2017-0070,1,2017-05-30,2017,5,30,13:20:00,13.0,calle,11,-58.50791763,-34.59804273,peaton-auto,peaton,auto
198,2017-0072,1,2017-06-03,2017,6,3,23:20:00,23.0,avenida,12,-58.49175088,-34.58226957,auto-auto,auto,auto
199,2017-0073,1,2017-06-04,2017,6,4,09:00:00,9.0,avenida,3,-58.40781467,-34.60425669,moto-auto,moto,auto
200,2017-0074,1,2017-06-04,2017,6,4,12:50:00,12.0,calle,9,-58.52567073,-34.63787791,,,
201,2017-0075,1,2017-06-12,2017,6,12,22:38:00,22.0,avenida,1,-58.38154200,-34.60906385,peaton-moto,peaton,moto
202,2017-0076,1,2017-06-13,2017,6,13,14:50:00,14.0,avenida,2,-58.38526125,-34.57805810,peaton-cargas,peaton,cargas
203,2017-0077,1,2017-06-17,2017,6,17,23:45:00,23.0,calle,14,-58.42934104,-34.58451712,moto-cargas,moto,cargas
204,2017-0079,1,2017-06-19,2017,6,19,16:26:00,16.0,calle,3,-58.40657493,-34.61781124,moto-cargas,moto,cargas
205,2017-0080,1,2017-06-22,2017,6,22,10:15:00,10.0,avenida,9,-58.49525314,-34.64487785,peaton-cargas,peaton,cargas
206,2017-0082,1,2017-06-25,2017,6,25,22:40:00,22.0,avenida,4,-58.39092851,-34.62932696,peaton-auto,peaton,auto
207,2017-0083,1,2017-07-04,2017,7,4,00:25:00,0.0,avenida,9,-58.49603546,-34.64564271,moto-cargas,moto,cargas
208,2017-0084,1,2017-07-05,2017,7,5,12:49:00,12.0,avenida,2,-58.38502878,-34.58703485,peaton-pasajeros,peaton,pasajeros
209,2017-0085,1,2017-07-07,2017,7,7,14:15:00,14.0,avenida,4,-58.37261143,-34.63150425,peaton-pasajeros,peaton,pasajeros
210,2017-0086,1,2017-07-09,2017,7,9,07:30:00,7.0,avenida,9,-58.51876802,-34.63905965,peaton-moto,peaton,moto
211,2017-0087,1,2017-07-10,2017,7,10,10:45:00,10.0,calle,3,-58.41095567,-34.61516101,peaton-auto,peaton,auto
212,2017-0088,1,2017-07-10,2017,7,10,22:30:00,22.0,avenida,1,-58.36797542,-34.62519403,peaton-pasajeros,peaton,pasajeros
213,2017-0089,1,2017-07-13,2017,7,13,12:05:00,12.0,calle,9,-58.51514709,-34.64787051,sd-auto,,auto
214,2017-0090,1,2017-07-15,2017,7,15,05:15:00,5.0,gral paz,11,-58.51925642,-34.59171721,peaton-auto,peaton,auto
215,2017-0091,1,2017-07-15,2017,7,15,13:00:00,13.0,gral paz,12,-58.48671535,-34.54321216,moto-sd,moto,
216,2017-0092,1,2017-07-24,2017,7,24,22:16:01,22.0,autopista,1,-58.38268809,-34.62282019,peaton-auto,peaton,auto
217,2017-0093,1,2017-07-25,2017,7,25,16:48:40,16.0,autopista,13,-58.43633522,-34.54966288,peaton-auto,peaton,auto
218,2017-0094,1,2017-07-27,2017,7,27,08:50:00,8.0,calle,10,-58.52640838,-34.61765855,bicicleta-cargas,bicicleta,cargas
219,2017-0095,1,2017-08-06,2017,8,6,08:00:00,8.0,avenida,14,-58.41894306,-34.59778875,moto-auto,moto,auto
220,2017-0096,1,2017-08-07,2017,8,7,19:50:00,19.0,avenida,13,-58.46756026,-34.54972741,peaton-pasajeros,peaton,pasajeros
221,2017-0098,1,2017-08-08,2017,8,8,12:10:00,12.0,calle,7,-58.45715752,-34.63132912,peaton-auto,peaton,auto
222,2017-0099,1,2017-08-17,2017,8,17,19:45:00,19.0,avenida,14,-58.42406784,-34.56213916,bicicleta-auto,bicicleta,auto
223,2017-0100,1,2017-08-21,2017,8,21,07:45:00,7.0,calle,3,-58.39674470,-34.61512051,moto-objeto fijo,moto,objeto fijo
224,2017-0101,1,2017-08-23,2017,8,23,10:00:00,10.0,avenida,13,-58.44537508,-34.57084818,multiple,peaton,multiple
225,2017-0102,1,2017-08-24,2017,8,24,01:10:00,1.0,avenida,4,-58.40056767,-34.65107080,peaton-cargas,peaton,cargas
226,2017-0104,1,2017-08-25,2017,8,25,09:00:00,9.0,avenida,1,-58.38109568,-34.61853244,peaton-cargas,peaton,cargas
227,2017-0106,1,2017-08-31,2017,8,31,19:50:00,19.0,calle,14,-58.42533612,-34.58035258,peaton-pasajeros,peaton,pasajeros
228,2017-0107,1,2017-09-01,2017,9,1,11:30:00,11.0,avenida,13,-58.46062311,-34.54395182,moto-cargas,moto,cargas
229,2017-0108,2,2017-09-02,2017,9,2,04:53:08,4.0,gral paz,12,-58.49491054,-34.54795581,auto-objeto fijo,objeto fijo,auto
230,2017-0109,1,2017-09-04,2017,9,4,21:00:00,21.0,avenida,7,-58.47130269,-34.63665402,moto-auto,moto,auto
231,2017-0110,1,2017-09-06,2017,9,6,14:15:00,14.0,avenida,1,-58.37048800,-34.60189492,peaton-pasajeros,peaton,pasajeros
232,2017-0111,1,2017-09-07,2017,9,7,18:23:37,18.0,calle,4,-58.42023854,-34.64234110,peaton-cargas,peaton,cargas
233,2017-0112,2,2017-09-10,2017,9,10,09:32:17,9.0,autopista,7,-58.45807401,-34.63997430,auto-objeto fijo,auto,objeto fijo
234,2017-0113,1,2017-09-11,2017,9,11,06:30:00,6.0,avenida,1,-58.37697717,-34.59573848,peaton-pasajeros,peaton,pasajeros
235,2017-0114,1,2017-09-15,2017,9,15,02:30:00,2.0,avenida,2,-58.39100580,-34.58498660,auto-objeto fijo,auto,objeto fijo
236,2017-0115,1,2017-09-19,2017,9,19,18:52:33,18.0,avenida,5,-58.42182126,-34.63089661,moto-bicicleta,moto,bicicleta
237,2017-0116,1,2017-09-20,2017,9,20,22:24:00,22.0,gral paz,12,-58.51389422,-34.58075791,moto-objeto fijo,moto,objeto fijo
238,2017-0118,1,2017-09-22,2017,9,22,07:02:09,7.0,avenida,4,-58.37585415,-34.65232158,moto-auto,moto,auto
239,2017-0120,1,2017-10-02,2017,10,2,15:55:33,15.0,autopista,9,-58.47297505,-34.66245085,moto-cargas,moto,cargas
240,2017-0123,1,2017-10-10,2017,10,10,01:05:38,1.0,avenida,8,-58.46855503,-34.67216349,peaton-auto,peaton,auto
241,2017-0124,1,2017-10-12,2017,10,12,14:40:28,14.0,calle,15,-58.44254033,-34.59185043,moto-pasajeros,moto,pasajeros
242,2017-0125,1,2017-10-13,2017,10,13,06:12:20,6.0,avenida,8,-58.46622247,-34.67926929,moto-objeto fijo,moto,objeto fijo
243,2017-0126,2,2017-10-14,2017,10,14,06:15:00,6.0,avenida,8,-58.48003734,-34.68148508,auto-objeto fijo,auto,objeto fijo
244,2017-0127,1,2017-10-16,2017,10,16,07:45:00,7.0,avenida,2,-58.41192137,-34.59800248,moto-moto,moto,moto
245,2017-0128,1,2017-10-17,2017,10,17,12:30:00,12.0,calle,6,-58.44034689,-34.61349731,peaton-pasajeros,peaton,pasajeros
246,2017-0129,1,2017-10-26,2017,10,26,19:15:15,19.0,autopista,9,-58.47155277,-34.64925746,moto-pasajeros,moto,pasajeros
247,2017-0130,1,2017-10-27,2017,10,27,05:30:00,5.0,avenida,15,-58.47883099,-34.59967065,auto-cargas,auto,cargas
248,2017-0132,1,2017-10-30,2017,10,30,14:00:00,14.0,avenida,8,-58.46552171,-34.69374130,moto-pasajeros,moto,pasajeros
249,2017-0134,1,2017-11-06,2017,11,6,18:00:00,18.0,avenida,8,-58.44239720,-34.66777987,peaton-pasajeros,peaton,pasajeros
250,2017-0135,1,2017-11-07,2017,11,7,12:14:10,12.0,avenida,15,-58.47032551,-34.59626814,moto-cargas,moto,cargas
251,2017-0136,1,2017-11-16,2017,11,16,08:43:00,8.0,avenida,4,-58.41827843,-34.65522746,peaton-pasajeros,peaton,pasajeros
252,2017-0137,1,2017-11-17,2017,11,17,11:45:00,11.0,avenida,11,-58.51280715,-34.59279388,peaton-cargas,peaton,cargas
253,2017-0138,1,2017-11-19,2017,11,19,10:30:00,10.0,avenida,7,-58.46258582,-34.64385704,moto-objeto fijo,moto,objeto fijo
254,2017-0139,1,2017-11-19,2017,11,19,22:30:00,22.0,avenida,8,-58.45064148,-34.68003614,auto-objeto fijo,auto,objeto fijo
255,2017-0140,1,2017-11-19,2017,11,19,23:22:17,23.0,autopista,4,-58.378036,-34.634004,moto-pasajeros,moto,pasajeros
256,2017-0141,1,2017-11-23,2017,11,23,19:45:00,19.0,avenida,6,-58.42717783,-34.62513374,peaton-pasajeros,peaton,pasajeros
257,2017-0143,1,2017-11-25,2017,11,25,21:45:00,21.0,calle,11,-58.46442001,-34.60724519,auto-pasajeros,auto,pasajeros
258,2017-0144,1,2017-11-26,2017,11,26,06:45:00,6.0,gral paz,8,-58.47064556,-34.69843756,auto-objeto fijo,auto,objeto fijo
259,2017-0145,1,2017-11-26,2017,11,26,17:05:00,17.0,calle,5,-58.41677733,-34.61223119,moto-auto,moto,auto
260,2017-0147,1,2017-11-28,2017,11,28,11:15:00,11.0,gral paz,9,-58.50251790,-34.67450313,moto-auto,moto,auto
261,2017-0148,1,2017-11-29,2017,11,29,10:45:00,10.0,avenida,3,-58.40708125,-34.62438894,peaton-pasajeros,peaton,pasajeros
262,2017-0149,1,2017-11-30,2017,11,30,12:20:00,12.0,avenida,1,-58.36947198,-34.61477051,peaton-pasajeros,peaton,pasajeros
263,2017-0150,1,2017-12-04,2017,12,4,01:15:00,1.0,avenida,9,-58.51140889,-34.63934531,peaton-auto,peaton,auto
264,2017-0151,1,2017-12-04,2017,12,4,02:15:00,2.0,calle,4,-58.37460912,-34.65559133,peaton-pasajeros,peaton,pasajeros
265,2017-0152,1,2017-12-06,2017,12,6,17:30:00,17.0,calle,4,-58.41146277,-34.65073916,bicicleta-pasajeros,bicicleta,pasajeros
266,2017-0153,2,2017-12-11,2017,12,11,02:00:00,2.0,avenida,6,-58.42855267,-34.61829385,moto-pasajeros,moto,pasajeros
267,2017-0154,1,2017-12-11,2017,12,11,09:15:00,9.0,avenida,4,-58.39035581,-34.63412287,peaton-pasajeros,peaton,pasajeros
268,2017-0155,1,2017-12-12,2017,12,12,21:25:41,21.0,avenida,7,-58.45593915,-34.62656868,sd-moto,,moto
269,2017-0157,1,2017-12-17,2017,12,17,09:02:00,9.0,gral paz,9,-58.52866211,-34.64597065,auto-pasajeros,auto,pasajeros
270,2017-0158,1,2017-12-18,2017,12,18,21:30:00,21.0,gral paz,11,-58.52037476,-34.59407024,moto-auto,moto,auto
271,2017-0159,1,2017-12-20,2017,12,20,04:31:27,4.0,avenida,1,-58.38896772,-34.61799615,moto-auto,moto,auto
272,2017-0160,1,2017-12-22,2017,12,22,13:15:00,13.0,avenida,7,-58.47074114,-34.62771756,peaton-moto,peaton,moto
273,2017-0161,1,2017-12-26,2017,12,26,15:30:00,15.0,avenida,9,-58.48200819,-34.65969965,peaton-auto,peaton,auto
274,2018-0001,1,2018-01-01,2018,1,1,22:50:00,22.0,avenida,3,-58.39536773,-34.62297346,peaton-moto,peaton,moto
275,2018-0002,1,2018-01-03,2018,1,3,16:40:00,16.0,calle,1,-58.37456088,-34.61895467,bicicleta-pasajeros,bicicleta,pasajeros
276,2018-0003,1,2018-01-05,2018,1,5,10:12:00,10.0,avenida,15,-58.44860217,-34.60395657,multiple,peaton,multiple
277,2018-0004,1,2018-01-09,2018,1,9,09:40:00,9.0,avenida,13,-58.46129513,-34.54332766,multiple,moto,multiple
278,2018-0005,1,2018-01-09,2018,1,9,22:30:00,22.0,avenida,1,-58.36907201,-34.61953517,peaton-pasajeros,peaton,pasajeros
279,2018-0006,1,2018-01-10,2018,1,10,21:15:00,21.0,calle,6,-58.44062219,-34.62499107,bicicleta-pasajeros,bicicleta,pasajeros
280,2018-0007,1,2018-01-11,2018,1,11,02:30:00,2.0,autopista,9,-58.52502765,-34.63601265,auto-auto,auto,auto
281,2018-0008,1,2018-01-12,2018,1,12,17:50:00,17.0,avenida,1,-58.36659655,-34.61687778,moto-cargas,moto,cargas
282,2018-0009,1,2018-01-14,2018,1,14,02:00:00,2.0,avenida,4,-58.36737389,-34.62763661,moto-moto,moto,moto
283,2018-0010,1,2018-01-18,2018,1,18,05:10:00,5.0,calle,10,-58.49807953,-34.63038658,moto-cargas,moto,cargas
284,2018-0011,1,2018-01-19,2018,1,19,10:30:00,10.0,avenida,2,-58.39092703,-34.59088447,peaton-pasajeros,peaton,pasajeros
285,2018-0012,1,2018-01-26,2018,1,26,13:30:00,13.0,calle,8,-58.46912006,-34.68049201,moto-pasajeros,moto,pasajeros
286,2018-0013,1,2018-01-28,2018,1,28,08:15:00,8.0,avenida,12,-58.48661286,-34.56786129,moto-auto,moto,auto
287,2018-0014,1,2018-01-31,2018,1,31,20:00:00,20.0,avenida,7,-58.44074927,-34.65080597,peaton-moto,peaton,moto
288,2018-0015,2,2018-02-06,2018,2,6,01:00:00,1.0,avenida,4,-58.38636298,-34.64684275,moto-pasajeros,moto,pasajeros
289,2018-0016,1,2018-02-15,2018,2,15,10:15:00,10.0,avenida,1,-58.37533517,-34.59276462,moto-cargas,moto,cargas
290,2018-0017,1,2018-02-17,2018,2,17,04:15:00,4.0,avenida,7,-58.46963952,-34.63070603,peaton-auto,peaton,auto
291,2018-0018,1,2018-02-17,2018,2,17,07:15:00,7.0,calle,4,-58.37207554,-34.64543658,moto-cargas,moto,cargas
292,2018-0019,1,2018-02-17,2018,2,17,12:30:00,12.0,avenida,2,-58.39189441,-34.59176378,peaton-pasajeros,peaton,pasajeros
293,2018-0020,1,2018-02-19,2018,2,19,22:00:00,22.0,autopista,8,-58.45012957,-34.66518343,moto-cargas,moto,cargas
294,2018-0021,1,2018-02-22,2018,2,22,10:45:00,10.0,avenida,4,-58.40184094,-34.64546845,peaton-pasajeros,peaton,pasajeros
295,2018-0022,1,2018-02-24,2018,2,24,00:00:00,0.0,avenida,4,-58.37441153,-34.63966783,moto-cargas,moto,cargas
296,2018-0023,1,2018-02-24,2018,2,24,06:00:00,6.0,calle,6,-58.44110156,-34.62082399,moto-auto,moto,auto
297,2018-0024,1,2018-02-28,2018,2,28,23:00:00,23.0,avenida,15,-58.47087351,-34.57827342,peaton-cargas,peaton,cargas
298,2018-0025,1,2018-03-04,2018,3,4,22:30:00,22.0,avenida,7,-58.45962210,-34.62245140,peaton-auto,peaton,auto
299,2018-0026,2,2018-03-09,2018,3,9,04:45:00,4.0,avenida,4,-58.41657793,-34.65476216,movil-cargas,movil,cargas
300,2018-0027,1,2018-03-11,2018,3,11,23:00:00,23.0,calle,5,-58.41911301,-34.63722107,peaton-moto,peaton,moto
301,2018-0028,1,2018-03-13,2018,3,13,15:45:00,15.0,avenida,9,-58.47120586,-34.64251042,peaton-cargas,peaton,cargas
302,2018-0029,1,2018-03-15,2018,3,15,18:00:00,18.0,avenida,11,-58.47418944,-34.62049672,moto-auto,moto,auto
303,2018-0030,1,2018-03-20,2018,3,20,01:30:00,1.0,avenida,15,-58.46720441,-34.57905579,moto-moto,moto,moto
304,2018-0031,1,2018-03-28,2018,3,28,10:15:00,10.0,avenida,11,-58.46909362,-34.61779710,moto-cargas,moto,cargas
305,2018-0032,1,2018-04-02,2018,4,2,13:00:00,13.0,avenida,13,-58.44704343,-34.56888640,peaton-pasajeros,peaton,pasajeros
306,2018-0033,1,2018-04-07,2018,4,7,07:30:00,7.0,avenida,10,-58.50535541,-34.62902048,moto-cargas,moto,cargas
307,2018-0034,1,2018-04-11,2018,4,11,18:15:00,18.0,avenida,2,-58.40021675,-34.59522198,peaton-pasajeros,peaton,pasajeros
308,2018-0035,1,2018-04-12,2018,4,12,16:45:00,16.0,avenida,7,-58.46325991,-34.62919627,peaton-pasajeros,peaton,pasajeros
309,2018-0036,1,2018-04-13,2018,4,13,23:15:00,23.0,avenida,15,-58.49471482,-34.59694755,moto-auto,moto,auto
310,2018-0037,1,2018-04-18,2018,4,18,18:45:00,18.0,avenida,2,-58.39872610,-34.59975962,peaton-cargas,peaton,cargas
311,2018-0038,2,2018-04-20,2018,4,20,17:10:00,17.0,avenida,1,-58.38872177,-34.60885045,peaton-auto,peaton,auto
312,2018-0039,1,2018-04-21,2018,4,21,22:15:00,22.0,autopista,14,-58.42098,-34.558958,peaton-auto,peaton,auto
313,2018-0040,1,2018-04-27,2018,4,27,11:00:00,11.0,calle,13,-58.45686132,-34.57305993,peaton-cargas,peaton,cargas
314,2018-0041,1,2018-04-27,2018,4,27,13:30:00,13.0,avenida,4,-58.42281627,-34.64282424,peaton-pasajeros,peaton,pasajeros
315,2018-0042,1,2018-04-27,2018,4,27,18:43:00,18.0,calle,4,-58.38666024,-34.63953396,moto-cargas,moto,cargas
316,2018-0043,1,2018-04-28,2018,4,28,06:30:00,6.0,avenida,11,-58.49122843,-34.61207587,moto-auto,moto,auto
317,2018-0044,1,2018-04-28,2018,4,28,09:00:00,9.0,avenida,3,-58.40098306,-34.61866627,peaton-auto,peaton,auto
318,2018-0045,1,2018-04-30,2018,4,30,07:00:00,7.0,avenida,13,-58.45448963,-34.57916920,auto-cargas,auto,cargas
319,2018-0046,1,2018-05-02,2018,5,2,03:15:00,3.0,gral paz,9,-58.52927982,-34.63931752,peaton-auto,peaton,auto
320,2018-0047,1,2018-05-08,2018,5,8,19:00:00,19.0,avenida,15,-58.44759966,-34.59170240,peaton-pasajeros,peaton,pasajeros
321,2018-0048,1,2018-05-09,2018,5,9,10:30:00,10.0,avenida,7,-58.46411215,-34.62925068,peaton-pasajeros,peaton,pasajeros
322,2018-0049,1,2018-05-11,2018,5,11,19:15:00,19.0,calle,13,-58.46213220,-34.55395823,peaton-auto,peaton,auto
323,2018-0050,1,2018-05-14,2018,5,14,18:45:00,18.0,avenida,13,-58.45669422,-34.56203610,peaton-pasajeros,peaton,pasajeros
324,2018-0051,1,2018-05-15,2018,5,15,21:15:00,21.0,calle,4,-58.35977160,-34.64341878,peaton-auto,peaton,auto
325,2018-0052,1,2018-05-18,2018,5,18,20:30:00,20.0,avenida,15,-58.49820145,-34.59070093,peaton-pasajeros,peaton,pasajeros
326,2018-0053,1,2018-05-20,2018,5,20,02:30:00,2.0,calle,3,-58.41059280,-34.59939180,moto-auto,moto,auto
327,2018-0054,1,2018-05-22,2018,5,22,11:15:00,11.0,calle,12,-58.47969138,-34.57121563,peaton-bicicleta,peaton,bicicleta
328,2018-0055,1,2018-05-29,2018,5,29,07:30:00,7.0,avenida,3,-58.40351561,-34.61883916,moto-auto,moto,auto
329,2018-0056,1,2018-06-02,2018,6,2,13:00:00,13.0,avenida,9,-58.51973844,-34.63918987,peaton-pasajeros,peaton,pasajeros
330,2018-0057,1,2018-06-03,2018,6,3,03:30:00,3.0,calle,3,-58.39311376,-34.62163006,moto-pasajeros,moto,pasajeros
331,2018-0058,1,2018-06-03,2018,6,3,06:30:00,6.0,avenida,15,-58.43531242,-34.59082159,moto-auto,moto,auto
332,2018-0059,1,2018-06-08,2018,6,8,06:20:00,6.0,avenida,5,-58.41178165,-34.63035454,moto-movil,moto,otro
333,2018-0060,1,2018-06-08,2018,6,8,12:50:00,12.0,avenida,1,-58.37048800,-34.60189492,peaton-pasajeros,peaton,pasajeros
334,2018-0061,1,2018-06-10,2018,6,10,11:15:00,11.0,calle,3,-58.39883882,-34.61964833,moto-moto,moto,moto
335,2018-0062,1,2018-06-14,2018,6,14,01:00:00,1.0,calle,6,-58.44110156,-34.62082399,peaton-cargas,peaton,cargas
336,2018-0063,1,2018-06-16,2018,6,16,21:15:00,21.0,avenida,1,-58.37093138,-34.59952725,peaton-pasajeros,peaton,pasajeros
337,2018-0064,1,2018-06-25,2018,6,25,01:15:00,1.0,avenida,7,-58.45855262,-34.63953253,auto-cargas,auto,cargas
338,2018-0065,1,2018-06-26,2018,6,26,17:30:00,17.0,calle,1,-58.38161909,-34.59283447,moto-cargas,moto,cargas
339,2018-0066,1,2018-06-28,2018,6,28,11:00:00,11.0,avenida,15,-58.45511899,-34.58698157,peaton-pasajeros,peaton,pasajeros
340,2018-0067,1,2018-06-29,2018,6,29,16:15:00,16.0,avenida,4,-58.37724226,-34.62973033,pasajeros-auto,pasajeros,auto
341,2018-0068,1,2018-07-01,2018,7,1,09:00:00,9.0,avenida,7,-58.45546217,-34.62930339,moto-auto,moto,auto
342,2018-0069,1,2018-07-04,2018,7,4,21:45:00,21.0,avenida,2,-58.39897064,-34.59954925,bicicleta-pasajeros,bicicleta,pasajeros
343,2018-0070,1,2018-07-07,2018,7,7,15:45:00,15.0,calle,3,-58.40917826,-34.62126274,moto-pasajeros,moto,pasajeros
344,2018-0071,1,2018-07-10,2018,7,10,17:50:00,17.0,avenida,1,-58.36726348,-34.61099738,moto-cargas,moto,cargas
345,2018-0072,1,2018-07-11,2018,7,11,13:15:00,13.0,autopista,8,-58.48267426,-34.68454456,moto-cargas,moto,cargas
346,2018-0073,1,2018-07-11,2018,7,11,15:45:00,15.0,avenida,4,-58.39546165,-34.65168841,peaton-cargas,peaton,cargas
347,2018-0074,1,2018-07-14,2018,7,14,06:04:00,6.0,avenida,7,-58.46941984,-34.63376545,auto-cargas,auto,cargas
348,2018-0075,1,2018-07-15,2018,7,15,07:30:00,7.0,avenida,14,-58.40367321,-34.58129246,peaton-auto,peaton,auto
349,2018-0076,1,2018-07-16,2018,7,16,09:30:00,9.0,calle,9,-58.52932872,-34.65014993,auto-cargas,auto,cargas
350,2018-0077,1,2018-07-16,2018,7,16,23:15:00,23.0,calle,3,-58.40917826,-34.62126274,auto-cargas,auto,cargas
351,2018-0078,1,2018-07-21,2018,7,21,06:15:00,6.0,calle,2,-58.41264127,-34.59473294,peaton-auto,peaton,auto
352,2018-0079,1,2018-07-23,2018,7,23,07:15:00,7.0,gral paz,9,-58.50877521,-34.66977709,peaton-cargas,peaton,cargas
353,2018-0080,1,2018-07-25,2018,7,25,22:22:00,22.0,avenida,9,-58.51232237,-34.65903530,peaton-auto,peaton,auto
354,2018-0081,1,2018-07-29,2018,7,29,06:30:00,6.0,avenida,7,-58.44744156,-34.64567171,multiple,peaton,multiple
355,2018-0082,1,2018-08-01,2018,8,1,15:53:00,15.0,avenida,9,-58.49441273,-34.65869968,moto-cargas,moto,cargas
356,2018-0083,1,2018-08-02,2018,8,2,05:20:00,5.0,gral paz,8,-58.47976785,-34.69153196,moto-cargas,moto,cargas
357,2018-0084,1,2018-08-03,2018,8,3,07:25:00,7.0,avenida,1,-58.36523349,-34.62260331,peaton-cargas,peaton,cargas
358,2018-0085,2,2018-08-03,2018,8,3,18:16:00,18.0,avenida,3,-58.39118948,-34.62704273,moto-pasajeros,moto,pasajeros
359,2018-0086,1,2018-08-10,2018,8,10,21:44:00,21.0,avenida,9,-58.49019551,-34.65015854,peaton-pasajeros,peaton,pasajeros
360,2018-0087,1,2018-08-15,2018,8,15,19:20:00,19.0,avenida,5,-58.41644362,-34.63023775,peaton-pasajeros,peaton,pasajeros
361,2018-0088,1,2018-08-17,2018,8,17,16:36:00,16.0,gral paz,12,-58.50073810,-34.54979510,moto-cargas,moto,cargas
362,2018-0089,1,2018-08-17,2018,8,17,17:56:00,17.0,avenida,4,-58.39626094,-34.63036565,peaton-pasajeros,peaton,pasajeros
363,2018-0090,1,2018-08-18,2018,8,18,10:34:00,10.0,avenida,8,-58.43284809,-34.67051543,moto-auto,moto,auto
364,2018-0091,1,2018-08-19,2018,8,19,18:47:00,18.0,autopista,9,-58.52280139,-34.63659934,auto-auto,auto,auto
365,2018-0092,1,2018-08-20,2018,8,20,08:20:00,8.0,avenida,14,-58.42336930,-34.59774487,moto-auto,moto,auto
366,2018-0093,1,2018-08-20,2018,8,20,08:41:00,8.0,calle,1,-58.38691681,-34.63105973,peaton-pasajeros,peaton,pasajeros
367,2018-0094,1,2018-08-23,2018,8,23,05:35:00,5.0,calle,14,-58.41169020,-34.58579880,moto-pasajeros,moto,pasajeros
368,2018-0095,1,2018-08-26,2018,8,26,00:59:00,0.0,avenida,9,-58.46739825,-34.65117757,auto-auto,auto,auto
369,2018-0096,1,2018-08-31,2018,8,31,22:20:00,22.0,autopista,8,-58.44483258,-34.67152226,peaton-auto,peaton,auto
370,2018-0097,1,2018-09-02,2018,9,2,10:50:00,10.0,avenida,8,-58.43254025,-34.66128115,auto-movil,auto,otro
371,2018-0098,2,2018-09-09,2018,9,9,05:00:00,5.0,gral paz,8,-58.47199387,-34.69640164,auto-auto,auto,auto
372,2018-0099,1,2018-09-12,2018,9,12,14:25:00,14.0,avenida,7,-58.46411215,-34.62925068,peaton-pasajeros,peaton,pasajeros
373,2018-0100,1,2018-09-20,2018,9,20,10:30:00,10.0,avenida,1,-58.36217754,-34.62367156,moto-auto,moto,auto
374,2018-0101,1,2018-09-21,2018,9,21,00:15:00,0.0,gral paz,12,-58.48098594,-34.54073130,multiple,auto,multiple
375,2018-0102,1,2018-09-21,2018,9,21,00:30:00,0.0,calle,4,-58.41083404,-34.64640709,moto-auto,moto,auto
376,2018-0103,1,2018-09-27,2018,9,27,17:51:00,17.0,avenida,7,-58.44609828,-34.64446729,peaton-moto,peaton,moto
377,2018-0104,1,2018-10-01,2018,10,1,08:58:00,8.0,autopista,4,-58.37709334,-34.64035082,moto-moto,moto,moto
378,2018-0105,1,2018-10-03,2018,10,3,18:12:00,18.0,avenida,7,-58.46963952,-34.63070603,peaton-pasajeros,peaton,pasajeros
379,2018-0106,1,2018-10-04,2018,10,4,22:02:00,22.0,avenida,13,-58.43674281,-34.55161027,moto-moto,moto,moto
380,2018-0107,1,2018-10-06,2018,10,6,14:20:00,14.0,avenida,3,-58.40596860,-34.61011987,peaton-pasajeros,peaton,pasajeros
381,2018-0108,1,2018-10-09,2018,10,9,14:00:00,14.0,avenida,1,-58.36154069,-34.60463618,moto-auto,moto,auto
382,2018-0109,1,2018-10-10,2018,10,10,22:12:00,22.0,avenida,1,-58.37062179,-34.60066507,peaton-pasajeros,peaton,pasajeros
383,2018-0110,1,2018-10-13,2018,10,13,03:05:00,3.0,avenida,15,-58.43220014,-34.60207186,peaton-moto,peaton,moto
384,2018-0111,1,2018-10-19,2018,10,19,12:13:00,12.0,autopista,9,-58.46958442,-34.64949724,moto-cargas,moto,cargas
385,2018-0112,1,2018-10-24,2018,10,24,09:18:00,9.0,calle,15,-58.44671397,-34.59970903,moto-cargas,moto,cargas
386,2018-0113,1,2018-10-25,2018,10,25,11:00:00,11.0,calle,11,-58.47152163,-34.61474911,moto-cargas,moto,cargas
387,2018-0114,1,2018-10-30,2018,10,30,02:15:00,2.0,avenida,1,-58.39032921,-34.61807951,moto-auto,moto,auto
388,2018-0115,1,2018-10-31,2018,10,31,12:30:00,12.0,calle,9,-58.52887773,-34.64297861,peaton-pasajeros,peaton,pasajeros
389,2018-0116,1,2018-11-01,2018,11,1,10:50:00,10.0,gral paz,8,-58.49371157,-34.67981324,peaton-cargas,peaton,cargas
390,2018-0117,1,2018-11-04,2018,11,4,08:15:00,8.0,avenida,9,-58.48266599,-34.66012327,moto-moto,moto,moto
391,2018-0118,1,2018-11-05,2018,11,5,14:49:00,14.0,avenida,3,-58.40612253,-34.60774301,peaton-moto,peaton,moto
392,2018-0119,1,2018-11-05,2018,11,5,22:35:00,22.0,avenida,8,-58.43613623,-34.66292532,peaton-sd,peaton,
393,2018-0120,1,2018-11-09,2018,11,9,13:34:00,13.0,avenida,12,-58.48250732,-34.57208238,peaton-auto,peaton,auto
394,2018-0121,1,2018-11-09,2018,11,9,16:32:00,16.0,avenida,10,-58.49945705,-34.63743280,peaton-pasajeros,peaton,pasajeros
395,2018-0122,1,2018-11-12,2018,11,12,01:00:00,1.0,autopista,8,-58.47743966,-34.67233407,auto-auto,auto,auto
396,2018-0123,1,2018-11-12,2018,11,12,03:32:00,3.0,gral paz,9,-58.50251790,-34.67450313,auto-sd,auto,
397,2018-0124,1,2018-11-15,2018,11,15,19:40:00,19.0,autopista,9,-58.52144411,-34.63682499,cargas-cargas,cargas,cargas
398,2018-0125,1,2018-11-16,2018,11,16,21:12:00,21.0,avenida,4,-58.41650465,-34.65084045,peaton-pasajeros,peaton,pasajeros
399,2018-0126,1,2018-11-18,2018,11,18,12:11:00,12.0,gral paz,9,-58.52994219,-34.64055918,moto-auto,moto,auto
400,2018-0127,1,2018-11-19,2018,11,19,09:14:00,9.0,gral paz,12,-58.50993046,-34.56919739,moto-moto,moto,moto
401,2018-0128,2,2018-11-25,2018,11,25,04:30:00,4.0,gral paz,9,-58.52844623,-34.64592873,auto-pasajeros,auto,pasajeros
402,2018-0129,1,2018-11-28,2018,11,28,04:01:00,4.0,avenida,15,-58.45021367,-34.58695347,moto-pasajeros,moto,pasajeros
403,2018-0130,1,2018-12-03,2018,12,3,03:00:00,3.0,avenida,10,-58.49022072,-34.62770192,moto-pasajeros,moto,pasajeros
404,2018-0131,1,2018-12-07,2018,12,7,19:10:00,19.0,avenida,1,-58.36860866,-34.60106568,moto-cargas,moto,cargas
405,2018-0132,1,2018-12-12,2018,12,12,08:26:00,8.0,autopista,2,-58.39490504,-34.57241534,peaton-cargas,peaton,cargas
406,2018-0133,1,2018-12-12,2018,12,12,14:07:00,14.0,avenida,7,-58.46963952,-34.63070603,peaton-cargas,peaton,cargas
407,2018-0134,1,2018-12-12,2018,12,12,21:00:00,21.0,avenida,7,-58.42349365,-34.64019887,peaton-moto,peaton,moto
408,2018-0135,1,2018-12-18,2018,12,18,14:40:00,14.0,avenida,1,-58.37471802,-34.61265002,peaton-pasajeros,peaton,pasajeros
409,2018-0136,1,2018-12-18,2018,12,18,15:42:00,15.0,avenida,7,-58.46438789,-34.62913916,peaton-pasajeros,peaton,pasajeros
410,2018-0137,1,2018-12-18,2018,12,18,20:15:00,20.0,calle,1,-58.38481975,-34.61100424,moto-pasajeros,moto,pasajeros
411,2018-0138,1,2018-12-21,2018,12,21,09:30:00,9.0,calle,10,-58.50751833,-34.62073702,pasajeros-pasajeros,pasajeros,pasajeros
412,2018-0139,1,2018-12-22,2018,12,22,06:30:00,6.0,calle,7,-58.44682986,-34.63888084,moto-moto,moto,moto
413,2018-0140,1,2018-12-22,2018,12,22,08:05:00,8.0,calle,1,-58.36004650,-34.61381341,auto-auto,auto,auto
414,2018-0141,1,2018-12-22,2018,12,22,17:40:00,17.0,avenida,5,-58.41509546,-34.62085945,peaton-moto,peaton,moto
415,2018-0142,1,2018-12-25,2018,12,25,13:30:00,13.0,gral paz,12,-58.50997604,-34.57251072,cargas-pasajeros,cargas,pasajeros
416,2018-0143,1,2018-12-29,2018,12,29,05:25:00,5.0,avenida,10,-58.48606475,-34.64047818,moto-auto,moto,auto
417,2019-0001,1,2019-01-08,2019,1,8,08:30:00,8.0,avenida,2,-58.38526125,-34.57805810,moto-cargas,moto,cargas
418,2019-0002,1,2019-01-09,2019,1,9,04:00:00,4.0,avenida,7,-58.45463662,-34.65082149,auto-cargas,auto,cargas
419,2019-0003,1,2019-01-12,2019,1,12,08:00:00,8.0,avenida,15,-58.49121672,-34.59718073,moto-auto,moto,auto
420,2019-0004,1,2019-01-14,2019,1,14,19:58:00,19.0,avenida,9,-58.47325712,-34.65284605,auto-pasajeros,auto,pasajeros
421,2019-0005,1,2019-01-19,2019,1,19,12:00:00,12.0,avenida,10,-58.52108101,-34.63382309,moto-cargas,moto,cargas
422,2019-0006,1,2019-01-23,2019,1,23,05:45:00,5.0,avenida,14,-58.41652702,-34.55509606,peaton-auto,peaton,auto
423,2019-0007,1,2019-01-26,2019,1,26,19:34:00,19.0,calle,5,-58.42891604,-34.61071660,moto-auto,moto,auto
424,2019-0008,1,2019-01-30,2019,1,30,22:45:00,22.0,gral paz,8,-58.47802293,-34.69156793,multiple,moto,multiple
425,2019-0009,1,2019-01-31,2019,1,31,14:55:00,14.0,avenida,1,-58.37564821,-34.62200207,moto-auto,moto,auto
426,2019-0010,2,2019-02-02,2019,2,2,07:50:00,7.0,avenida,14,-58.42668489,-34.56961468,peaton-auto,peaton,auto
427,2019-0011,1,2019-02-10,2019,2,10,01:00:00,1.0,gral paz,9,-58.51839930,-34.66252488,peaton-auto,peaton,auto
428,2019-0012,1,2019-02-17,2019,2,17,03:16:00,3.0,avenida,8,-58.48432691,-34.67665828,moto-auto,moto,auto
429,2019-0013,1,2019-02-20,2019,2,20,07:30:00,7.0,calle,7,-58.43383830,-34.64457699,peaton-auto,peaton,auto
430,2019-0014,1,2019-02-20,2019,2,20,17:30:00,17.0,calle,11,-58.51664939,-34.58657938,moto-objeto fijo,moto,objeto fijo
431,2019-0015,1,2019-02-23,2019,2,23,06:57:00,6.0,avenida,11,-58.49613012,-34.59703502,auto-objeto fijo,auto,objeto fijo
432,2019-0016,1,2019-02-24,2019,2,24,02:00:00,2.0,calle,4,-58.38313603,-34.63356284,moto-pasajeros,moto,pasajeros
433,2019-0017,1,2019-03-03,2019,3,3,07:00:00,7.0,calle,3,-58.39914719,-34.61632317,auto-pasajeros,auto,pasajeros
434,2019-0018,1,2019-03-03,2019,3,3,23:30:00,23.0,autopista,13,-58.44927253,-34.54048625,peaton-auto,peaton,auto
435,2019-0019,1,2019-03-06,2019,3,6,12:00:00,12.0,avenida,13,-58.45049163,-34.55374003,moto-auto,moto,auto
436,2019-0020,1,2019-03-07,2019,3,7,21:01:00,21.0,avenida,5,-58.41288952,-34.63572989,moto-auto,moto,auto
437,2019-0021,1,2019-03-15,2019,3,15,22:50:00,22.0,avenida,7,-58.45743597,-34.62561234,moto-auto,moto,auto
438,2019-0022,1,2019-03-15,2019,3,15,1900-01-02 00:00:00,0.0,avenida,1,-58.39123782,-34.62352245,auto-sd,auto,
439,2019-0023,1,2019-03-16,2019,3,16,08:28:00,8.0,gral paz,9,-58.52922765,-34.63637963,auto-objeto fijo,auto,objeto fijo
440,2019-0024,1,2019-03-19,2019,3,19,1900-01-14 07:12:00,7.0,avenida,1,-58.37208118,-34.58541957,moto-cargas,moto,cargas
441,2019-0025,1,2019-03-22,2019,3,22,13:10:00,13.0,calle,5,-58.41458534,-34.60937557,peaton-auto,peaton,auto
442,2019-0026,1,2019-03-28,2019,3,28,07:32:00,7.0,avenida,8,-58.47976785,-34.69153196,peaton-pasajeros,peaton,pasajeros
443,2019-0027,1,2019-03-28,2019,3,28,11:11:00,11.0,avenida,2,-58.39990285,-34.59511714,multiple,bicicleta,multiple
444,2019-0028,1,2019-04-06,2019,4,6,09:15:00,9.0,avenida,11,-58.46051346,-34.60588536,peaton-pasajeros,peaton,pasajeros
445,2019-0029,1,2019-04-07,2019,4,7,10:15:00,10.0,avenida,8,-58.47976785,-34.69153196,moto-objeto fijo,moto,objeto fijo
446,2019-0030,1,2019-04-09,2019,4,9,16:00:00,16.0,calle,7,-58.45457546,-34.62447891,moto-cargas,moto,cargas
447,2019-0031,1,2019-04-12,2019,4,12,19:55:00,19.0,avenida,1,-58.36951669,-34.59832047,bicicleta-cargas,bicicleta,cargas
448,2019-0032,1,2019-04-16,2019,4,16,11:00:00,11.0,avenida,11,-58.46415322,-34.60443790,peaton-auto,peaton,auto
449,2019-0033,1,2019-04-18,2019,4,18,01:00:00,1.0,autopista,1,-58.36607137,-34.62150748,moto-sd,moto,
450,2019-0034,1,2019-04-21,2019,4,21,09:08:00,9.0,avenida,7,-58.45537373,-34.65093074,moto-objeto fijo,moto,objeto fijo
451,2019-0035,1,2019-04-23,2019,4,23,14:10:00,14.0,calle,1,-58.37942637,-34.60053054,peaton-bicicleta,peaton,bicicleta
452,2019-0036,1,2019-04-26,2019,4,26,22:46:00,22.0,calle,6,-58.43680440,-34.62147504,moto-auto,moto,auto
453,2019-0037,1,2019-05-01,2019,5,1,23:10:00,23.0,avenida,3,-58.40778291,-34.61971907,moto-auto,moto,auto
454,2019-0038,1,2019-05-04,2019,5,4,14:10:00,14.0,avenida,13,-58.45212523,-34.54628513,peaton-moto,peaton,moto
455,2019-0039,1,2019-05-09,2019,5,9,03:05:00,3.0,avenida,7,-58.46749188,-34.63551751,moto-auto,moto,auto
456,2019-0040,1,2019-05-09,2019,5,9,12:45:00,12.0,calle,7,-58.44263580,-34.63679732,moto-sd,moto,
457,2019-0041,1,2019-05-11,2019,5,11,20:30:00,20.0,avenida,9,-58.51140289,-34.65846419,multiple,auto,multiple
458,2019-0042,1,2019-05-14,2019,5,14,15:00:00,15.0,calle,1,-58.38211431,-34.62465368,peaton-pasajeros,peaton,pasajeros
459,2019-0043,1,2019-05-21,2019,5,21,09:00:00,9.0,avenida,1,-58.36951669,-34.59832047,bicicleta-cargas,bicicleta,cargas
460,2019-0044,1,2019-05-27,2019,5,27,12:45:00,12.0,avenida,5,-58.41635217,-34.62036547,peaton-moto,peaton,moto
461,2019-0045,1,2019-06-03,2019,6,3,07:27:00,7.0,avenida,14,-58.41316147,-34.57579669,moto-cargas,moto,cargas
462,2019-0046,1,2019-06-04,2019,6,4,09:00:00,9.0,gral paz,13,-58.47617802,-34.53825652,moto-auto,moto,auto
463,2019-0047,1,2019-06-06,2019,6,6,10:00:00,10.0,avenida,4,-58.38641783,-34.63330028,peaton-cargas,peaton,cargas
464,2019-0048,1,2019-06-07,2019,6,7,07:00:00,7.0,avenida,6,-58.45322169,-34.62038137,moto-cargas,moto,cargas
465,2019-0049,1,2019-06-08,2019,6,8,09:20:00,9.0,calle,13,-58.45849057,-34.56166498,peaton-cargas,peaton,cargas
466,2019-0050,1,2019-06-08,2019,6,8,23:35:00,23.0,avenida,14,-58.41829559,-34.59411677,moto-cargas,moto,cargas
467,2019-0051,1,2019-06-11,2019,6,11,10:00:00,10.0,calle,4,-58.36376488,-34.63832093,moto-auto,moto,auto
468,2019-0053,1,2019-06-14,2019,6,14,17:20:00,17.0,avenida,8,-58.46442668,-34.66004784,auto-auto,auto,auto
469,2019-0054,1,2019-06-20,2019,6,20,03:00:00,3.0,calle,15,-58.48222035,-34.58428769,moto-objeto fijo,moto,objeto fijo
470,2019-0055,1,2019-06-20,2019,6,20,19:45:00,19.0,avenida,1,-58.36819005,-34.60283208,moto-pasajeros,moto,pasajeros
471,2019-0056,1,2019-06-29,2019,6,29,17:16:00,17.0,avenida,7,-58.45877601,-34.62330939,peaton-auto,peaton,auto
472,2019-0057,1,2019-07-05,2019,7,5,19:00:00,19.0,calle,13,-58.44196498,-34.55760517,peaton-auto,peaton,auto
473,2019-0058,1,2019-07-10,2019,7,10,09:20:00,9.0,autopista,10,-58.50622631,-34.63627822,moto-pasajeros,moto,pasajeros
474,2019-0059,1,2019-07-13,2019,7,13,22:35:00,22.0,calle,1,-58.38410880,-34.63099197,moto-pasajeros,moto,pasajeros
475,2019-0060,1,2019-07-17,2019,7,17,11:20:00,11.0,avenida,10,-58.48100602,-34.63504312,peaton-auto,peaton,auto
476,2019-0061,1,2019-07-17,2019,7,17,18:40:00,18.0,calle,13,-58.45200171,-34.55781320,peaton-pasajeros,peaton,pasajeros
477,2019-0062,1,2019-08-01,2019,8,1,23:00:00,23.0,avenida,13,-58.44462132,-34.56201105,peaton-pasajeros,peaton,pasajeros
478,2019-0063,1,2019-08-04,2019,8,4,01:30:00,1.0,avenida,15,-58.45220688,-34.58711712,moto-pasajeros,moto,pasajeros
479,2019-0064,1,2019-08-06,2019,8,6,03:15:00,3.0,avenida,7,-58.45962210,-34.62245140,moto-auto,moto,auto
480,2019-0065,1,2019-08-08,2019,8,8,16:45:00,16.0,calle,4,-58.41970850,-34.65414867,peaton-pasajeros,peaton,pasajeros
481,2019-0066,1,2019-08-11,2019,8,11,21:15:00,21.0,avenida,7,-58.44187596,-34.64938031,peaton-auto,peaton,auto
482,2019-0067,1,2019-08-14,2019,8,14,15:00:00,15.0,calle,10,-58.49101637,-34.64276621,moto-cargas,moto,cargas
483,2019-0068,1,2019-08-14,2019,8,14,17:40:00,17.0,avenida,8,-58.42493829,-34.66256502,moto-moto,moto,moto
484,2019-0069,1,2019-08-17,2019,8,17,05:25:00,5.0,avenida,4,-58.40489318,-34.62930162,moto-auto,moto,auto
485,2019-0070,1,2019-08-22,2019,8,22,12:30:00,12.0,avenida,14,-58.42686680,-34.59217875,moto-bicicleta,moto,bicicleta
486,2019-0071,1,2019-08-27,2019,8,27,11:30:00,11.0,avenida,9,-58.47961100,-34.65620398,peaton-cargas,peaton,cargas
487,2019-0072,1,2019-08-28,2019,8,28,06:20:00,6.0,avenida,10,-58.47439934,-34.63524207,auto-auto,auto,auto
488,2019-0073,1,2019-08-29,2019,8,29,01:50:00,1.0,avenida,15,-58.46711912,-34.57926018,auto-objeto fijo,auto,objeto fijo
489,2019-0074,1,2019-08-29,2019,8,29,09:00:00,9.0,autopista,13,-58.46514781,-34.53465378,moto-cargas,moto,cargas
490,2019-0075,1,2019-08-30,2019,8,30,23:20:00,23.0,calle,4,-58.37571078,-34.65584079,moto-pasajeros,moto,pasajeros
491,2019-0076,1,2019-09-05,2019,9,5,18:00:00,18.0,autopista,4,-58.37157668,-34.65429986,moto-cargas,moto,cargas
492,2019-0077,1,2019-09-08,2019,9,8,03:40:00,3.0,avenida,14,-58.39811256,-34.58070186,peaton-auto,peaton,auto
493,2019-0078,1,2019-09-12,2019,9,12,08:25:00,8.0,avenida,4,-58.41125934,-34.65417740,peaton-cargas,peaton,cargas
494,2019-0079,1,2019-09-17,2019,9,17,05:30:00,5.0,calle,5,-58.41822901,-34.61866836,moto-pasajeros,moto,pasajeros
495,2019-0080,1,2019-09-17,2019,9,17,1900-01-04 18:40:00,18.0,gral paz,13,-58.47617802,-34.53825652,peaton-moto,peaton,moto
496,2019-0081,1,2019-09-23,2019,9,23,16:00:00,16.0,avenida,15,-58.46141281,-34.58623761,peaton-pasajeros,peaton,pasajeros
497,2019-0082,1,2019-09-25,2019,9,25,07:45:00,7.0,avenida,8,-58.42985146,-34.66119740,bicicleta-cargas,bicicleta,cargas
498,2019-0083,1,2019-09-26,2019,9,26,08:00:00,8.0,calle,9,-58.48457413,-34.65839090,auto-auto,auto,auto
499,2019-0084,1,2019-09-27,2019,9,27,11:45:00,11.0,calle,7,-58.46572884,-34.63628186,bicicleta-cargas,bicicleta,cargas
500,2019-0085,1,2019-10-09,2019,10,9,22:18:00,22.0,calle,10,-58.49261744,-34.63419130,bicicleta-tren,bicicleta,tren
501,2019-0086,1,2019-10-15,2019,10,15,14:10:00,14.0,avenida,15,-58.45283186,-34.58841560,moto-pasajeros,moto,pasajeros
502,2019-0087,1,2019-10-21,2019,10,21,21:00:00,21.0,avenida,12,-58.47973681,-34.57418656,moto-moto,moto,moto
503,2019-0088,1,2019-10-22,2019,10,22,20:00:00,20.0,avenida,4,-58.40623949,-34.65076549,peaton-pasajeros,peaton,pasajeros
504,2019-0089,1,2019-10-23,2019,10,23,15:45:00,15.0,avenida,4,-58.36244648,-34.63107887,peaton-cargas,peaton,cargas
505,2019-0090,1,2019-10-24,2019,10,24,18:26:00,18.0,avenida,9,-58.49962423,-34.64868027,peaton-moto,peaton,moto
506,2019-0091,1,2019-11-01,2019,11,1,20:50:00,20.0,avenida,15,-58.44551437,-34.59559816,peaton-pasajeros,peaton,pasajeros
507,2019-0092,1,2019-11-03,2019,11,3,10:30:00,10.0,calle,4,-58.35608181,-34.63420319,peaton-pasajeros,peaton,pasajeros
508,2019-0093,1,2019-11-13,2019,11,13,11:50:00,11.0,avenida,11,-58.46483679,-34.60907662,bicicleta-otro,bicicleta,otro
509,2019-0094,1,2019-11-18,2019,11,18,14:00:00,14.0,calle,15,-58.44368628,-34.59724326,moto-otro,moto,otro
510,2019-0095,1,2019-11-20,2019,11,20,15:30:00,15.0,autopista,1,-58.37864583,-34.62907067,moto-cargas,moto,cargas
511,2019-0096,1,2019-11-22,2019,11,22,19:33:00,19.0,avenida,1,-58.37560352,-34.62726382,peaton-pasajeros,peaton,pasajeros
512,2019-0097,1,2019-11-25,2019,11,25,08:50:00,8.0,autopista,9,-58.47721439,-34.64815069,multiple,moto,multiple
513,2019-0098,1,2019-11-25,2019,11,25,14:00:00,14.0,avenida,15,-58.45134029,-34.58984288,pasajeros-pasajeros,pasajeros,pasajeros
514,2019-0100,1,2019-12-05,2019,12,5,17:30:00,17.0,avenida,12,-58.49040794,-34.58368803,moto-auto,moto,auto
515,2019-0101,1,2019-12-17,2019,12,17,04:20:00,4.0,avenida,4,-58.42102679,-34.64991178,moto-moto,moto,moto
516,2019-0102,1,2019-12-17,2019,12,17,14:30:00,14.0,calle,9,-58.52219407,-34.64143926,moto-auto,moto,auto
517,2019-0103,1,2019-12-18,2019,12,18,,,gral paz,11,-58.52169422,-34.59471640,moto-moto,moto,moto
518,2019-0104,1,2019-12-21,2019,12,21,04:25:00,4.0,avenida,10,-58.47460416,-34.63206174,moto-auto,moto,auto
519,2019-0105,1,2019-05-05,2019,5,5,11:00:00,11.0,avenida,10,-58.50512382,-34.61520391,peaton-auto,peaton,auto
520,2020-0001,1,2020-01-04,2020,1,4,10:40:00,10.0,calle,15,-58.43910409,-34.59213355,peaton-auto,peaton,auto
521,2020-0002,1,2020-01-05,2020,1,5,20:00:00,20.0,avenida,7,-58.45019436,-34.64646409,moto-objeto fijo,moto,objeto fijo
522,2020-0003,1,2020-01-11,2020,1,11,06:00:00,6.0,avenida,3,-58.39337644,-34.60927582,peaton-auto,peaton,auto
523,2020-0004,1,2020-01-14,2020,1,14,21:40:00,21.0,avenida,1,-58.39055614,-34.60919284,peaton-pasajeros,peaton,pasajeros
524,2020-0005,1,2020-01-14,2020,1,14,06:00:00,6.0,avenida,3,-58.41036975,-34.62477021,moto-pasajeros,moto,pasajeros
525,2020-0006,1,2020-01-20,2020,1,20,12:55:00,12.0,avenida,8,-58.44925765,-34.65412546,moto-cargas,moto,cargas
526,2020-0007,1,2020-01-27,2020,1,27,00:37:00,0.0,calle,1,-58.38156850,-34.61648696,peaton-moto,peaton,moto
527,2020-0008,1,2020-01-30,2020,1,30,07:10:00,7.0,avenida,2,-58.40662899,-34.59804521,moto-cargas,moto,cargas
528,2020-0009,1,2020-02-04,2020,2,4,14:50:00,14.0,calle,5,-58.41985649,-34.60600850,peaton-auto,peaton,auto
529,2020-0010,1,2020-02-08,2020,2,8,05:45:00,5.0,avenida,1,-58.38099833,-34.62214953,moto-objeto fijo,moto,objeto fijo
530,2020-0011,1,2020-02-12,2020,2,12,11:29:00,11.0,calle,5,-58.41803309,-34.61823178,moto-cargas,moto,cargas
531,2020-0012,1,2020-02-18,2020,2,18,21:00:00,21.0,calle,3,-58.40604003,-34.61783553,peaton-moto,peaton,moto
532,2020-0013,1,2020-02-20,2020,2,20,12:00:00,12.0,avenida,15,-58.47549929,-34.57994061,peaton-moto,peaton,moto
533,2020-0014,1,2020-02-27,2020,2,27,02:14:00,2.0,calle,11,-58.51398484,-34.61600366,moto-pasajeros,moto,pasajeros
534,2020-0015,1,2020-02-28,2020,2,28,14:30:00,14.0,avenida,1,-58.36797542,-34.62519403,moto-pasajeros,moto,pasajeros
535,2020-0016,1,2020-02-29,2020,2,29,13:00:00,13.0,avenida,1,-58.37133616,-34.59879316,peaton-pasajeros,peaton,pasajeros
536,2020-0017,1,2020-03-05,2020,3,5,23:00:00,23.0,avenida,3,-58.39613805,-34.61413568,peaton-auto,peaton,auto
537,2020-0018,1,2020-03-09,2020,3,9,14:00:00,14.0,avenida,13,-58.44903073,-34.54200276,moto-objeto fijo,moto,objeto fijo
538,2020-0019,1,2020-03-10,2020,3,10,21:00:00,21.0,calle,5,-58.41972364,-34.62846670,peaton-auto,peaton,auto
539,2020-0020,1,2020-03-13,2020,3,13,17:30:00,17.0,avenida,3,-58.40571596,-34.60557123,peaton-moto,peaton,moto
540,2020-0021,1,2020-03-14,2020,3,14,16:50:00,16.0,calle,2,-58.41451590,-34.59488319,peaton-auto,peaton,auto
541,2020-0022,1,2020-04-07,2020,4,7,06:15:00,6.0,autopista,9,-58.47297505,-34.66245085,auto-cargas,auto,cargas
542,2020-0023,1,2020-04-09,2020,4,9,18:42:00,18.0,avenida,4,-58.35791192,-34.63695178,auto-cargas,auto,cargas
543,2020-0024,1,2020-04-24,2020,4,24,07:58:00,7.0,calle,9,-58.50801713,-34.65177305,auto-auto,auto,auto
544,2020-0025,1,2020-05-12,2020,5,12,05:35:00,5.0,avenida,3,-58.40258477,-34.60975108,peaton-auto,peaton,auto
545,2020-0026,1,2020-05-17,2020,5,17,06:40:00,6.0,autopista,14,-58.42098,-34.558958,moto-objeto fijo,moto,objeto fijo
546,2020-0027,1,2020-05-18,2020,5,18,08:00:00,8.0,avenida,8,-58.48267426,-34.68454456,peaton-cargas,peaton,cargas
547,2020-0028,1,2020-05-19,2020,5,19,10:00:00,10.0,avenida,15,-58.44248936,-34.60221948,peaton-pasajeros,peaton,pasajeros
548,2020-0029,1,2020-06-10,2020,6,10,14:00:00,14.0,gral paz,9,-58.52909134,-34.63886726,peaton-pasajeros,peaton,pasajeros
549,2020-0030,1,2020-06-16,2020,6,16,15:00:00,15.0,avenida,6,-58.45158942,-34.60646580,multiple,moto,multiple
550,2020-0031,1,2020-06-30,2020,6,30,08:00:00,8.0,avenida,9,-58.49344309,-34.65788529,moto-cargas,moto,cargas
551,2020-0032,1,2020-07-10,2020,7,10,23:00:00,23.0,avenida,15,-58.44259166,-34.59635137,moto-auto,moto,auto
552,2020-0033,1,2020-07-19,2020,7,19,06:25:00,6.0,gral paz,13,-58.46743471,-34.53476874,auto-objeto fijo,auto,objeto fijo
553,2020-0034,1,2020-08-02,2020,8,2,03:20:00,3.0,calle,3,-58.41178158,-34.60922259,peaton-auto,peaton,auto
554,2020-0035,1,2020-08-04,2020,8,4,05:30:00,5.0,autopista,7,-58.45068621,-34.63638927,moto-pasajeros,moto,pasajeros
555,2020-0036,1,2020-08-07,2020,8,7,18:40:00,18.0,avenida,14,-58.42016954,-34.58778790,peaton-moto,peaton,moto
556,2020-0037,1,2020-08-29,2020,8,29,04:30:00,4.0,avenida,8,-58.43850413,-34.65554754,peaton-auto,peaton,auto
557,2020-0038,2,2020-08-30,2020,8,30,04:00:00,4.0,avenida,14,-58.40617526,-34.58345898,auto-auto,auto,auto
558,2020-0039,1,2020-09-01,2020,9,1,19:17:42,19.0,calle,9,-58.71245,-34.508453,peaton-cargas,peaton,cargas
559,2020-0040,1,2020-09-12,2020,9,12,03:30:00,3.0,avenida,2,-58.38526125,-34.57805810,auto-objeto fijo,auto,objeto fijo
560,2020-0041,1,2020-09-28,2020,9,28,01:45:00,1.0,avenida,7,-58.44750470,-34.63491705,moto-pasajeros,moto,pasajeros
561,2020-0042,1,2020-09-29,2020,9,29,17:10:00,17.0,avenida,8,-58.46745752,-34.68192648,peaton-pasajeros,peaton,pasajeros
562,2020-0043,1,2020-09-30,2020,9,30,17:20:00,17.0,avenida,1,-58.37202621,-34.59717942,peaton-pasajeros,peaton,pasajeros
563,2020-0044,1,2020-10-05,2020,10,5,00:20:00,0.0,avenida,6,-58.42779702,-34.62207347,auto-auto,auto,auto
564,2020-0045,1,2020-10-19,2020,10,19,03:00:00,3.0,gral paz,8,-58.46244952,-34.70524971,auto-cargas,auto,cargas
565,2020-0046,1,2020-10-27,2020,10,27,21:00:00,21.0,avenida,11,-58.48440160,-34.60776782,moto-moto,moto,moto
566,2020-0047,1,2020-10-27,2020,10,27,14:00:00,14.0,autopista,9,-58.46668375,-34.65174801,peaton-cargas,peaton,cargas
567,2020-0048,1,2020-10-29,2020,10,29,20:20:00,20.0,avenida,15,-58.44958780,-34.59322448,moto-objeto fijo,moto,objeto fijo
568,2020-0049,1,2020-10-30,2020,10,30,20:00:00,20.0,avenida,1,-58.37533517,-34.59276462,peaton-auto,peaton,auto
569,2020-0050,1,2020-11-01,2020,11,1,22:00:00,22.0,avenida,14,-58.42525456,-34.57866344,peaton-moto,peaton,moto
570,2020-0051,1,2020-11-05,2020,11,5,00:40:00,0.0,avenida,10,-58.48493828,-34.62981124,moto-auto,moto,auto
571,2020-0052,1,2020-11-07,2020,11,7,06:50:00,6.0,avenida,3,-58.40480504,-34.60183884,bicicleta-cargas,bicicleta,cargas
572,2020-0053,1,2020-11-09,2020,11,9,03:30:00,3.0,avenida,4,-58.41125934,-34.65417740,auto-auto,auto,auto
573,2020-0054,1,2020-11-19,2020,11,19,09:00:00,9.0,calle,4,-58.39956546,-34.62977080,bicicleta-auto,bicicleta,auto
574,2020-0055,1,2020-11-19,2020,11,19,12:30:00,12.0,avenida,12,-58.49005682,-34.57868970,peaton-cargas,peaton,cargas
575,2020-0056,1,2020-11-21,2020,11,21,13:00:00,13.0,gral paz,8,-58.47064556,-34.69843756,moto-cargas,moto,cargas
576,2020-0057,1,2020-11-23,2020,11,23,07:45:00,7.0,avenida,11,-58.47501560,-34.61945902,peaton-auto,peaton,auto
577,2020-0058,1,2020-11-24,2020,11,24,16:00:00,16.0,avenida,10,-58.48727942,-34.63652467,peaton-auto,peaton,auto
578,2020-0059,1,2020-12-01,2020,12,1,06:35:00,6.0,calle,1,-58.37951690,-34.62794241,peaton-pasajeros,peaton,pasajeros
579,2020-0060,1,2020-12-03,2020,12,3,20:30:00,20.0,avenida,9,-58.47750832,-34.65672199,peaton-moto,peaton,moto
580,2020-0061,1,2020-12-03,2020,12,3,14:40:00,14.0,autopista,13,-58.44927253,-34.54048625,moto-cargas,moto,cargas
581,2020-0062,1,2020-12-04,2020,12,4,17:19:00,17.0,calle,3,-58.39246272,-34.61253541,bicicleta-pasajeros,bicicleta,pasajeros
582,2020-0063,2,2020-12-05,2020,12,5,07:10:00,7.0,calle,11,-58.52783814,-34.61047001,peaton_moto-moto,peaton_moto,moto
583,2020-0065,1,2020-12-05,2020,12,5,16:00:00,16.0,gral paz,12,-58.49332664,-34.54836855,moto-auto,moto,auto
584,2020-0066,1,2020-12-07,2020,12,7,04:30:00,4.0,autopista,10,-58.50178784,-34.63593897,moto-objeto fijo,moto,objeto fijo
585,2020-0067,1,2020-12-11,2020,12,11,22:00:00,22.0,avenida,4,-58.41657793,-34.65476216,peaton-pasajeros,peaton,pasajeros
586,2020-0068,1,2020-12-12,2020,12,12,20:30:00,20.0,avenida,2,-58.39731474,-34.58307887,moto-auto,moto,auto
587,2020-0069,1,2020-12-15,2020,12,15,05:20:00,5.0,avenida,1,-58.38746381,-34.61790839,moto-pasajeros,moto,pasajeros
588,2020-0070,1,2020-12-17,2020,12,17,15:35:00,15.0,avenida,2,-58.39189441,-34.59176378,peaton-pasajeros,peaton,pasajeros
589,2020-0071,1,2020-12-17,2020,12,17,23:00:00,23.0,avenida,7,-58.46749188,-34.63551751,peaton-auto,peaton,auto
590,2020-0072,1,2020-12-19,2020,12,19,03:30:00,3.0,avenida,3,-58.40280471,-34.62113271,bicicleta-auto,bicicleta,auto
591,2020-0073,1,2020-12-20,2020,12,20,07:40:00,7.0,avenida,8,-58.44451316,-34.68475866,moto-objeto fijo,moto,objeto fijo
592,2020-0074,1,2020-12-20,2020,12,20,21:00:00,21.0,avenida,7,-58.47110424,-34.62742408,auto-auto,auto,auto
593,2020-0075,1,2020-12-23,2020,12,23,14:00:00,14.0,avenida,1,-58.38220928,-34.60373898,peaton-pasajeros,peaton,pasajeros
594,2020-0076,1,2020-12-24,2020,12,24,12:30:00,12.0,avenida,10,-58.49794468,-34.61565025,auto-pasajeros,auto,pasajeros
595,2020-0077,2,2020-12-25,2020,12,25,06:40:00,6.0,avenida,15,-58.47220945,-34.60111373,moto-auto,moto,auto
596,2020-0078,1,2020-12-25,2020,12,25,05:50:00,5.0,calle,7,-58.43706741,-34.63217813,bicicleta-pasajeros,bicicleta,pasajeros
597,2020-0079,1,2020-12-27,2020,12,27,04:15:00,4.0,gral paz,12,-58.49332664,-34.54836855,moto-objeto fijo,moto,objeto fijo
598,2021-0001,1,2021-01-06,2021,1,6,18:00:00,18.0,autopista,1,-58.37960727,-34.62622851,moto-auto,moto,auto
599,2021-0002,1,2021-01-07,2021,1,7,10:20:00,10.0,avenida,9,-58.51061062,-34.64972472,moto-cargas,moto,cargas
600,2021-0003,1,2021-01-10,2021,1,10,07:40:00,7.0,autopista,7,-58.43052224,-34.62941648,moto-objeto fijo,moto,objeto fijo
601,2021-0004,1,2021-01-11,2021,1,11,09:12:18,9.0,avenida,5,-58.41455544,-34.63866836,peaton-cargas,peaton,cargas
602,2021-0005,1,2021-01-11,2021,1,11,21:30:00,21.0,avenida,9,-58.46774439,-34.64730145,peaton-auto,peaton,auto
603,2021-0006,1,2021-01-12,2021,1,12,21:00:00,21.0,autopista,14,-58.40786274,-34.56726817,moto-cargas,moto,cargas
604,2021-0007,1,2021-01-18,2021,1,18,10:00:00,10.0,avenida,15,-58.48744301,-34.58622275,moto-moto,moto,moto
605,2021-0008,1,2021-01-22,2021,1,22,23:30:00,23.0,avenida,4,-58.41657793,-34.65476216,peaton-pasajeros,peaton,pasajeros
606,2021-0009,1,2021-01-23,2021,1,23,05:30:00,5.0,avenida,6,-58.45351111,-34.61134937,moto-objeto fijo,moto,objeto fijo
607,2021-0010,1,2021-01-23,2021,1,23,08:00:00,8.0,gral paz,12,-58.50073810,-34.54979510,moto-auto,moto,auto
608,2021-0011,1,2021-01-27,2021,1,27,01:04:26,1.0,avenida,2,-58.39144148,-34.59564871,peaton-auto,peaton,auto
609,2021-0012,1,2021-01-29,2021,1,29,20:07:22,20.0,autopista,8,-58.48191128,-34.68385968,peaton-auto,peaton,auto
610,2021-0013,1,2021-01-31,2021,1,31,06:10:00,6.0,avenida,10,-58.48727942,-34.63652467,moto-objeto fijo,moto,objeto fijo
611,2021-0014,1,2021-02-02,2021,2,2,00:50:00,0.0,avenida,15,-58.48328708,-34.59779521,peaton-auto,peaton,auto
612,2021-0015,1,2021-02-06,2021,2,6,03:05:00,3.0,avenida,15,-58.49018543,-34.59724990,moto-objeto fijo,moto,objeto fijo
613,2021-0016,1,2021-02-14,2021,2,14,05:50:00,5.0,avenida,8,-58.47230127,-34.68482689,auto-objeto fijo,auto,objeto fijo
614,2021-0017,1,2021-02-17,2021,2,17,04:10:00,4.0,avenida,1,-58.38262614,-34.63168269,moto-pasajeros,moto,pasajeros
615,2021-0018,1,2021-02-20,2021,2,20,19:00:00,19.0,calle,3,-58.41047268,-34.60793518,peaton-auto,peaton,auto
616,2021-0019,1,2021-02-21,2021,2,21,01:20:00,1.0,avenida,12,-58.49659234,-34.56353635,moto-objeto fijo,moto,objeto fijo
617,2021-0020,1,2021-02-21,2021,2,21,15:00:00,15.0,calle,5,-58.42462955,-34.60727189,peaton-cargas,peaton,cargas
618,2021-0021,1,2021-02-26,2021,2,26,05:30:00,5.0,calle,3,-58.41168345,-34.61185625,moto-objeto fijo,moto,objeto fijo
619,2021-0022,1,2021-02-28,2021,2,28,12:00:00,12.0,avenida,13,-58.45157681,-34.55217303,pasajeros-sd,pasajeros,
620,2021-0023,1,2021-03-01,2021,3,1,09:20:00,9.0,autopista,4,-58.166024,-34.77207,moto-cargas,moto,cargas
621,2021-0024,1,2021-03-03,2021,3,3,16:30:00,16.0,avenida,9,-58.49573651,-34.67006054,bicicleta-cargas,bicicleta,cargas
622,2021-0025,1,2021-03-11,2021,3,11,03:45:00,3.0,gral paz,8,-58.48695354,-34.68795245,moto-otro,moto,otro
623,2021-0026,1,2021-03-15,2021,3,15,02:35:00,2.0,autopista,4,-58.37562539,-34.64449357,moto-objeto fijo,moto,objeto fijo
624,2021-0027,1,2021-03-16,2021,3,16,15:30:00,15.0,gral paz,12,-58.49491054,-34.54795581,moto-cargas,moto,cargas
625,2021-0028,1,2021-03-29,2021,3,29,17:20:00,17.0,avenida,7,-58.44147621,-34.64357704,peaton-pasajeros,peaton,pasajeros
626,2021-0029,1,2021-03-31,2021,3,31,18:05:00,18.0,avenida,7,-58.46899119,-34.63215432,auto-auto,auto,auto
627,2021-0030,1,2021-04-03,2021,4,3,18:30:00,18.0,calle,4,-58.38685612,-34.63455776,peaton-pasajeros,peaton,pasajeros
628,2021-0031,1,2021-04-07,2021,4,7,10:29:00,10.0,avenida,1,-58.38113667,-34.61765323,peaton-cargas,peaton,cargas
629,2021-0032,1,2021-04-10,2021,4,10,19:55:00,19.0,autopista,13,-58.44112678,-34.54538956,peaton-moto,peaton,moto
630,2021-0033,1,2021-04-14,2021,4,14,17:50:00,17.0,autopista,5,-58.41595919,-34.62743346,auto-objeto fijo,auto,objeto fijo
631,2021-0034,1,2021-04-19,2021,4,19,14:40:00,14.0,avenida,4,-58.40184094,-34.64546845,moto-cargas,moto,cargas
632,2021-0035,1,2021-05-03,2021,5,3,09:20:00,9.0,avenida,8,-58.44642231,-34.65679806,moto-cargas,moto,cargas
633,2021-0036,1,2021-05-09,2021,5,9,06:00:00,6.0,gral paz,11,-58.52340614,-34.59798754,moto-objeto fijo,moto,objeto fijo
634,2021-0037,1,2021-05-11,2021,5,11,07:10:00,7.0,avenida,13,-58.46649069,-34.56219075,peaton-pasajeros,peaton,pasajeros
635,2021-0038,1,2021-05-14,2021,5,14,11:40:00,11.0,avenida,14,-58.42653328,-34.57816791,moto-cargas,moto,cargas
636,2021-0039,1,2021-05-15,2021,5,15,12:09:00,12.0,avenida,9,-58.50407099,-34.65303372,bicicleta-auto,bicicleta,auto
637,2021-0040,1,2021-05-20,2021,5,20,05:50:00,5.0,gral paz,13,-58.46743471,-34.53476874,moto-auto,moto,auto
638,2021-0041,1,2021-05-20,2021,5,20,08:30:00,8.0,avenida,14,-58.40986646,-34.57728060,peaton-pasajeros,peaton,pasajeros
639,2021-0042,1,2021-05-21,2021,5,21,05:00:00,5.0,avenida,9,-58.51739138,-34.63931792,peaton-pasajeros,peaton,pasajeros
640,2021-0043,1,2021-05-22,2021,5,22,18:26:00,18.0,avenida,9,-58.50719962,-34.65556223,peaton-auto,peaton,auto
641,2021-0044,1,2021-05-25,2021,5,25,02:00:00,2.0,avenida,9,-58.46712311,-34.64600222,moto-objeto fijo,moto,objeto fijo
642,2021-0045,1,2021-05-26,2021,5,26,17:24:00,17.0,autopista,4,-58.37709334,-34.64035082,multiple,moto,multiple
643,2021-0046,1,2021-05-31,2021,5,31,02:00:00,2.0,avenida,15,-58.46033141,-34.58569883,auto-objeto fijo,auto,objeto fijo
644,2021-0047,1,2021-06-02,2021,6,2,16:00:00,16.0,avenida,4,-58.42190745,-34.65633192,moto-auto,moto,auto
645,2021-0048,1,2021-06-03,2021,6,3,09:58:00,9.0,avenida,12,-58.49026573,-34.56981410,bicicleta-auto,bicicleta,auto
646,2021-0049,1,2021-06-03,2021,6,3,20:30:00,20.0,avenida,8,-58.45410344,-34.66902702,auto-auto,auto,auto
647,2021-0050,1,2021-06-10,2021,6,10,13:30:00,13.0,avenida,13,-58.44751621,-34.55719892,moto-pasajeros,moto,pasajeros
648,2021-0051,1,2021-06-15,2021,6,15,19:20:00,19.0,avenida,4,-58.42040352,-34.66005171,peaton-cargas,peaton,cargas
649,2021-0052,1,2021-06-20,2021,6,20,05:40:00,5.0,gral paz,8,-58.49530249,-34.68010798,moto-objeto fijo,moto,objeto fijo
650,2021-0053,1,2021-06-20,2021,6,20,12:00:00,12.0,avenida,15,-58.44399875,-34.59477360,peaton-bicicleta,peaton,bicicleta
651,2021-0054,1,2021-06-22,2021,6,22,14:44:00,14.0,calle,4,-58.42759813,-34.65463857,moto-cargas,moto,cargas
652,2021-0055,1,2021-06-29,2021,6,29,12:20:00,12.0,avenida,3,-58.40547222,-34.60456293,moto-cargas,moto,cargas
653,2021-0056,1,2021-07-09,2021,7,9,23:25:00,23.0,avenida,4,-58.42473018,-34.65008280,bicicleta-auto,bicicleta,auto
654,2021-0057,1,2021-07-10,2021,7,10,23:30:00,23.0,autopista,2,-58.39257023,-34.57563957,auto-objeto fijo,auto,objeto fijo
655,2021-0058,1,2021-07-21,2021,7,21,00:40:00,0.0,gral paz,12,-58.48941042,-34.54596153,peaton-auto,peaton,auto
656,2021-0059,1,2021-07-22,2021,7,22,01:20:00,1.0,avenida,3,-58.39640740,-34.62783085,auto-objeto fijo,auto,objeto fijo
657,2021-0060,1,2021-07-22,2021,7,22,12:30:00,12.0,avenida,5,-58.41971993,-34.61112240,peaton-pasajeros,peaton,pasajeros
658,2021-0061,1,2021-07-24,2021,7,24,09:15:00,9.0,avenida,4,-58.40544588,-34.65012801,peaton-cargas,peaton,cargas
659,2021-0062,1,2021-07-27,2021,7,27,07:16:00,7.0,avenida,4,-58.42003882,-34.64645957,auto-cargas,auto,cargas
660,2021-0063,1,2021-08-02,2021,8,2,04:40:00,4.0,avenida,7,-58.46851293,-34.63348678,auto-auto,auto,auto
661,2021-0064,1,2021-08-02,2021,8,2,20:00:00,20.0,gral paz,9,-58.52931141,-34.65422917,peaton-cargas,peaton,cargas
662,2021-0065,1,2021-08-06,2021,8,6,08:30:00,8.0,avenida,6,-58.42675754,-34.62699730,peaton-pasajeros,peaton,pasajeros
663,2021-0066,1,2021-08-06,2021,8,6,20:00:00,20.0,avenida,11,-58.52933723,-34.61098186,peaton-pasajeros,peaton,pasajeros
664,2021-0067,1,2021-08-08,2021,8,8,09:29:00,9.0,autopista,1,-58.37910943,-34.62764718,moto-objeto fijo,moto,objeto fijo
665,2021-0068,1,2021-08-15,2021,8,15,06:10:00,6.0,avenida,11,-58.52161176,-34.61164474,moto-objeto fijo,moto,objeto fijo
666,2021-0069,1,2021-08-20,2021,8,20,17:15:00,17.0,avenida,14,-58.41354692,-34.58697680,peaton-auto,peaton,auto
667,2021-0070,1,2021-08-28,2021,8,28,08:30:00,8.0,avenida,8,-58.43960781,-34.65470804,moto-cargas,moto,cargas
668,2021-0071,1,2021-08-31,2021,8,31,16:00:00,16.0,calle,3,-58.40454610,-34.60003693,peaton-moto,peaton,moto
669,2021-0072,1,2021-09-01,2021,9,1,19:10:00,19.0,avenida,2,-58.39303911,-34.59871111,peaton-auto,peaton,auto
670,2021-0073,1,2021-09-18,2021,9,18,12:20:00,12.0,avenida,2,-58.39391034,-34.58405348,bicicleta-auto,bicicleta,auto
671,2021-0074,1,2021-09-20,2021,9,20,15:00:00,15.0,gral paz,12,-58.50073810,-34.54979510,multiple,moto,multiple
672,2021-0075,1,2021-09-21,2021,9,21,14:30:00,14.0,calle,1,-58.38281301,-34.62786038,peaton-cargas,peaton,cargas
673,2021-0076,1,2021-10-16,2021,10,16,06:15:00,6.0,avenida,7,-58.43980799,-34.65094083,moto-objeto fijo,moto,objeto fijo
674,2021-0077,1,2021-10-18,2021,10,18,07:20:00,7.0,avenida,6,-58.44402387,-34.62933109,moto-cargas,moto,cargas
675,2021-0078,1,2021-10-23,2021,10,23,06:35:00,6.0,avenida,6,-58.42779702,-34.62207347,moto-pasajeros,moto,pasajeros
676,2021-0079,1,2021-10-25,2021,10,25,03:30:00,3.0,calle,3,-58.40944147,-34.60097942,peaton-auto,peaton,auto
677,2021-0080,1,2021-10-28,2021,10,28,16:16:00,16.0,avenida,1,-58.38277479,-34.59430160,moto-auto,moto,auto
678,2021-0081,1,2021-11-02,2021,11,2,13:35:00,13.0,autopista,4,-58.37627355,-34.63800916,moto-cargas,moto,cargas
679,2021-0082,1,2021-11-06,2021,11,6,04:39:00,4.0,autopista,3,-58.39591856,-34.62453459,moto-auto,moto,auto
680,2021-0083,1,2021-11-09,2021,11,9,00:35:00,0.0,avenida,13,-58.45829717,-34.56015762,moto-auto,moto,auto
681,2021-0084,1,2021-11-11,2021,11,11,03:00:00,3.0,avenida,9,-58.49142611,-34.64584795,auto-objeto fijo,auto,objeto fijo
682,2021-0085,1,2021-11-20,2021,11,20,18:30:00,18.0,gral paz,12,-58.51271409,-34.57786555,moto-objeto fijo,moto,objeto fijo
683,2021-0086,1,2021-11-25,2021,11,25,10:10:00,10.0,avenida,6,-58.44864864,-34.62352826,peaton-pasajeros,peaton,pasajeros
684,2021-0087,1,2021-11-27,2021,11,27,11:22:00,11.0,calle,1,-58.37795815,-34.59167894,peaton-bicicleta,peaton,bicicleta
685,2021-0088,1,2021-12-01,2021,12,1,15:40:00,15.0,calle,13,-58.45531707,-34.55555257,moto-auto,moto,auto
686,2021-0089,1,2021-12-02,2021,12,2,01:10:00,1.0,avenida,11,-58.47633683,-34.62140594,moto-auto,moto,auto
687,2021-0090,1,2021-12-10,2021,12,10,11:45:00,11.0,avenida,1,-58.38188582,-34.60256036,peaton-pasajeros,peaton,pasajeros
688,2021-0091,1,2021-12-11,2021,12,11,23:00:00,23.0,calle,10,-58.51989389,-34.62284918,moto-auto,moto,auto
689,2021-0092,1,2021-12-12,2021,12,12,06:20:00,6.0,avenida,3,-58.40596860,-34.61011987,peaton-auto,peaton,auto
690,2021-0093,1,2021-12-13,2021,12,13,17:10:00,17.0,avenida,7,-58.43353773,-34.64561636,moto-auto,moto,auto
691,2021-0094,1,2021-12-20,2021,12,20,01:10:00,1.0,autopista,9,-58.46739825,-34.65117757,moto-auto,moto,auto
692,2021-0095,1,2021-12-30,2021,12,30,00:43:00,0.0,avenida,11,-58.47293407,-34.61984745,moto-cargas,moto,cargas
693,2021-0096,1,2021-12-15,2021,12,15,10:30:00,10.0,avenida,9,-58.47066794,-34.65021673,auto-cargas,auto,cargas
694,2021-0097,1,2021-11-18,2021,11,18,06:10:00,6.0,calle,1,-58.37976155,-34.58679619,bicicleta-auto,bicicleta,auto
